fl_date,month,day_of_month,day_of_week,op_unique_carrier,op_carrier_fl_num,origin,dest,crs_dep_time,crs_elapsed_time,distance,arr_delay
2024-05-20,5,20,1,DL,100,JFK,LAX,2200,368,2475,29
2024-01-16,1,16,2,NK,101,JFK,LAX,515,372,2475,9
2024-08-17,8,17,6,NK,102,SFO,SEA,1045,115,679,-10
2024-04-20,4,20,6,B6,103,DFW,DEN,1700,131,641,-8
2024-05-15,5,15,3,AS,104,BOS,MIA,845,187,1258,7
2024-11-12,11,12,2,B6,105,EWR,MCO,700,176,937,-4
2024-02-10,2,10,6,WN,106,MIA,BOS,1345,205,1258,2
2024-07-08,7,8,1,AS,107,DFW,DEN,715,137,641,10
2024-08-24,8,24,6,WN,108,DFW,DEN,2215,141,641,10
2024-04-27,4,27,6,AS,109,JFK,LAX,1300,356,2475,2
2024-12-01,12,1,7,AS,110,SFO,SEA,1915,113,679,10
2024-10-14,10,14,1,UA,111,SFO,SEA,1730,112,679,3
2024-09-09,9,9,1,UA,112,SEA,SFO,915,130,679,30
2024-02-02,2,2,5,NK,113,BOS,MIA,2130,202,1258,4
2024-02-28,2,28,3,AA,114,EWR,MCO,1500,164,937,-2
2024-08-20,8,20,2,NK,115,DFW,DEN,2115,136,641,-2
2024-06-01,6,1,6,DL,116,EWR,MCO,930,179,937,-4
2024-09-28,9,28,6,UA,117,SEA,SFO,500,134,679,5
2024-05-02,5,2,4,AS,118,MIA,BOS,745,211,1258,-8
2024-03-05,3,5,2,DL,119,SEA,SFO,1030,121,679,7
2024-10-03,10,3,4,NK,120,SFO,SEA,1730,119,679,-1
2024-05-06,5,6,1,F9,121,ORD,ATL,2215,128,606,8
2024-02-06,2,6,2,WN,122,JFK,LAX,630,352,2475,24
2024-12-08,12,8,7,WN,123,MIA,BOS,2015,210,1258,8
2024-04-07,4,7,7,F9,124,ATL,JFK,1845,139,760,1
2024-11-30,11,30,6,AA,125,EWR,MCO,1500,162,937,67
2024-10-01,10,1,2,WN,126,SFO,SEA,1915,132,679,-2
2024-10-08,10,8,2,DL,127,DEN,PHX,500,129,602,7
2024-07-27,7,27,6,WN,128,DFW,DEN,615,132,641,2
2024-05-15,5,15,3,AA,129,ATL,JFK,1845,129,760,-1
2024-04-21,4,21,7,WN,130,MIA,BOS,630,186,1258,7
2024-09-01,9,1,7,AA,131,BOS,MIA,600,212,1258,-5
2024-10-31,10,31,4,UA,132,ORD,ATL,815,128,606,2
2024-02-11,2,11,7,AA,133,BOS,MIA,1530,191,1258,6
2024-05-15,5,15,3,AS,134,SFO,SEA,1930,134,679,-1
2024-08-22,8,22,4,DL,135,JFK,LAX,715,366,2475,-7
2024-06-27,6,27,4,B6,136,DFW,DEN,1415,134,641,1
2024-11-30,11,30,6,B6,137,BOS,MIA,1400,215,1258,7
2024-02-29,2,29,4,UA,138,MIA,BOS,1330,204,1258,-6
2024-06-24,6,24,1,WN,139,IAH,LAS,2145,193,1220,-2
2024-11-20,11,20,3,AA,140,ORD,ATL,1515,130,606,16
2024-08-14,8,14,3,B6,141,DFW,DEN,800,150,641,-10
2024-01-19,1,19,5,UA,142,SEA,SFO,1815,106,679,-6
2024-01-21,1,21,7,B6,143,LAX,ORD,830,264,1745,47
2024-03-20,3,20,3,NK,144,BOS,MIA,1045,185,1258,-5
2024-06-19,6,19,3,UA,145,IAH,LAS,1315,210,1220,-3
2024-01-20,1,20,6,DL,146,ATL,JFK,1630,151,760,4
2024-01-13,1,13,6,WN,147,SFO,SEA,730,116,679,-2
2024-10-01,10,1,2,NK,148,EWR,MCO,1030,156,937,49
2024-08-10,8,10,6,DL,149,BOS,MIA,2100,197,1258,3
2024-01-23,1,23,2,WN,150,MIA,BOS,2215,196,1258,119
2024-12-06,12,6,5,NK,151,ORD,ATL,1430,131,606,-7
2024-07-25,7,25,4,NK,152,LAX,ORD,1845,261,1745,-4
2024-10-18,10,18,5,UA,153,BOS,MIA,1430,191,1258,-10
2024-11-06,11,6,3,NK,154,BOS,MIA,1145,210,1258,4
2024-02-13,2,13,2,UA,155,EWR,MCO,1500,181,937,9
2024-06-07,6,7,5,WN,156,EWR,MCO,615,170,937,19
2024-07-31,7,31,3,DL,157,DEN,PHX,2045,107,602,2
2024-12-18,12,18,3,UA,158,EWR,MCO,1815,160,937,-7
2024-10-12,10,12,6,F9,159,JFK,LAX,945,371,2475,4
2024-11-09,11,9,6,AS,160,DEN,PHX,2245,128,602,3
2024-08-31,8,31,6,UA,161,IAH,LAS,1345,205,1220,10
2024-08-13,8,13,2,WN,162,MIA,BOS,1530,213,1258,-2
2024-03-18,3,18,1,DL,163,DFW,DEN,745,133,641,-4
2024-08-26,8,26,1,AS,164,SEA,SFO,1700,132,679,3
2024-01-04,1,4,4,NK,165,DEN,PHX,1815,115,602,2
2024-08-11,8,11,7,WN,166,MIA,BOS,1045,214,1258,2
2024-09-30,9,30,1,UA,167,BOS,MIA,500,205,1258,8
2024-08-24,8,24,6,NK,168,DFW,DEN,1145,130,641,0
2024-05-22,5,22,3,AS,169,ATL,JFK,745,125,760,-2
2024-04-24,4,24,3,AA,170,LAX,ORD,600,270,1745,10
2024-01-11,1,11,4,WN,171,SFO,SEA,815,119,679,5
2024-03-26,3,26,2,B6,172,LAX,ORD,1030,243,1745,-7
2024-10-21,10,21,1,AA,173,MIA,BOS,1100,203,1258,2
2024-12-22,12,22,7,WN,174,ORD,ATL,800,121,606,9
2024-07-08,7,8,1,NK,175,EWR,MCO,1845,158,937,-10
2024-11-21,11,21,4,NK,176,LAX,ORD,1815,263,1745,-6
2024-10-02,10,2,3,B6,177,BOS,MIA,1330,212,1258,8
2024-05-22,5,22,3,WN,178,ORD,ATL,1730,110,606,75
2024-04-03,4,3,3,F9,179,LAX,ORD,1530,268,1745,-2
2024-01-06,1,6,6,B6,180,SEA,SFO,1845,122,679,-3
2024-08-31,8,31,6,WN,181,IAH,LAS,730,192,1220,-10
2024-05-04,5,4,6,NK,182,IAH,LAS,2230,198,1220,5
2024-12-25,12,25,3,AS,183,LAX,ORD,815,250,1745,-3
2024-10-01,10,1,2,DL,184,IAH,LAS,1145,193,1220,-4
2024-04-09,4,9,2,B6,185,ORD,ATL,515,118,606,-1
2024-10-10,10,10,4,AA,186,JFK,LAX,2000,377,2475,10
2024-05-25,5,25,6,AA,187,BOS,MIA,630,215,1258,-5
2024-02-03,2,3,6,F9,188,ORD,ATL,615,114,606,96
2024-05-07,5,7,2,B6,189,ORD,ATL,1245,124,606,9
2024-10-28,10,28,1,F9,190,MIA,BOS,600,215,1258,9
2024-04-18,4,18,4,WN,191,EWR,MCO,1000,160,937,46
2024-08-18,8,18,7,AA,192,ATL,JFK,1230,147,760,-9
2024-08-20,8,20,2,B6,193,IAH,LAS,1145,188,1220,-2
2024-03-17,3,17,7,WN,194,EWR,MCO,615,180,937,-8
2024-10-18,10,18,5,B6,195,BOS,MIA,1445,215,1258,4
2024-10-03,10,3,4,B6,196,SEA,SFO,1830,124,679,21
2024-02-16,2,16,5,B6,197,JFK,LAX,530,368,2475,8
2024-08-28,8,28,3,AA,198,DFW,DEN,1045,140,641,-2
2024-08-28,8,28,3,F9,199,ORD,ATL,1030,123,606,-7
2024-12-05,12,5,4,F9,200,MIA,BOS,645,187,1258,7
2024-06-14,6,14,5,AS,201,MIA,BOS,545,198,1258,6
2024-09-22,9,22,7,AA,202,SFO,SEA,1900,111,679,10
2024-03-08,3,8,5,B6,203,SEA,SFO,800,125,679,5
2024-03-22,3,22,5,WN,204,IAH,LAS,715,211,1220,68
2024-03-01,3,1,5,DL,205,DEN,PHX,1430,113,602,107
2024-05-04,5,4,6,F9,206,DEN,PHX,2115,127,602,40
2024-07-31,7,31,3,DL,207,MIA,BOS,530,208,1258,-2
2024-10-23,10,23,3,B6,208,BOS,MIA,1945,196,1258,-6
2024-10-05,10,5,6,AS,209,SEA,SFO,1245,112,679,-4
2024-06-11,6,11,2,NK,210,JFK,LAX,1715,365,2475,2
2024-09-14,9,14,6,AA,211,DFW,DEN,1900,136,641,-7
2024-03-14,3,14,4,F9,212,JFK,LAX,745,375,2475,-6
2024-11-15,11,15,5,B6,213,LAX,ORD,2245,270,1745,0
2024-09-06,9,6,5,AS,214,EWR,MCO,1230,162,937,24
2024-02-20,2,20,2,DL,215,ATL,JFK,1915,147,760,-7
2024-01-24,1,24,3,B6,216,JFK,LAX,1645,354,2475,61
2024-07-29,7,29,1,WN,217,SEA,SFO,1000,124,679,-5
2024-12-15,12,15,7,NK,218,BOS,MIA,1245,205,1258,-6
2024-05-10,5,10,5,B6,219,DEN,PHX,1415,102,602,4
2024-10-27,10,27,7,F9,220,LAX,ORD,1930,246,1745,-2
2024-02-24,2,24,6,NK,221,DEN,PHX,1430,100,602,8
2024-01-05,1,5,5,NK,222,MIA,BOS,2030,209,1258,-9
2024-06-29,6,29,6,WN,223,BOS,MIA,900,213,1258,-2
2024-08-13,8,13,2,AA,224,MIA,BOS,730,195,1258,-6
2024-04-12,4,12,5,NK,225,DFW,DEN,2130,146,641,1
2024-09-03,9,3,2,UA,226,MIA,BOS,845,215,1258,0
2024-04-25,4,25,4,DL,227,DFW,DEN,2230,122,641,2
2024-05-15,5,15,3,NK,228,JFK,LAX,1730,353,2475,-2
2024-01-13,1,13,6,WN,229,DEN,PHX,1200,120,602,0
2024-06-03,6,3,1,F9,230,IAH,LAS,630,200,1220,21
2024-04-30,4,30,2,DL,231,ORD,ATL,1645,128,606,74
2024-12-01,12,1,7,UA,232,ATL,JFK,1300,147,760,3
2024-08-15,8,15,4,AS,233,SFO,SEA,830,122,679,1
2024-07-22,7,22,1,AS,234,JFK,LAX,715,370,2475,4
2024-06-19,6,19,3,AA,235,JFK,LAX,1100,376,2475,88
2024-04-20,4,20,6,WN,236,BOS,MIA,530,212,1258,-6
2024-10-03,10,3,4,UA,237,DFW,DEN,900,131,641,-10
2024-06-14,6,14,5,WN,238,BOS,MIA,1800,208,1258,-6
2024-08-17,8,17,6,DL,239,DEN,PHX,1915,130,602,-7
2024-12-03,12,3,2,AA,240,IAH,LAS,645,212,1220,-10
2024-12-17,12,17,2,NK,241,ATL,JFK,700,135,760,4
2024-03-05,3,5,2,UA,242,ORD,ATL,1545,129,606,7
2024-09-15,9,15,7,B6,243,DEN,PHX,815,113,602,105
2024-07-30,7,30,2,F9,244,SFO,SEA,830,118,679,3
2024-05-10,5,10,5,AS,245,EWR,MCO,700,181,937,76
2024-08-09,8,9,5,DL,246,ORD,ATL,2200,128,606,-6
2024-03-03,3,3,7,AS,247,EWR,MCO,630,174,937,3
2024-02-23,2,23,5,B6,248,LAX,ORD,1200,251,1745,5
2024-05-22,5,22,3,AS,249,ORD,ATL,2200,129,606,7
2024-04-02,4,2,2,B6,250,JFK,LAX,1600,355,2475,0
2024-12-02,12,2,1,UA,251,BOS,MIA,500,208,1258,97
2024-08-02,8,2,5,WN,252,ATL,JFK,1500,153,760,55
2024-03-21,3,21,4,AA,253,DFW,DEN,1345,141,641,26
2024-11-06,11,6,3,NK,254,DEN,PHX,830,113,602,6
2024-12-13,12,13,5,DL,255,MIA,BOS,615,197,1258,-1
2024-04-14,4,14,7,AA,256,JFK,LAX,1330,360,2475,-6
2024-09-11,9,11,3,DL,257,JFK,LAX,2215,366,2475,64
2024-07-22,7,22,1,AS,258,ORD,ATL,1900,137,606,18
2024-08-07,8,7,3,AS,259,BOS,MIA,1400,197,1258,3
2024-03-28,3,28,4,AA,260,LAX,ORD,745,267,1745,1
2024-08-11,8,11,7,DL,261,SFO,SEA,1430,112,679,2
2024-02-09,2,9,5,AS,262,DFW,DEN,1130,131,641,81
2024-02-22,2,22,4,UA,263,SFO,SEA,900,110,679,9
2024-10-15,10,15,2,F9,264,DEN,PHX,1530,104,602,8
2024-08-28,8,28,3,F9,265,ORD,ATL,630,126,606,51
2024-08-24,8,24,6,DL,266,MIA,BOS,700,204,1258,52
2024-10-24,10,24,4,NK,267,DEN,PHX,1915,110,602,-9
2024-03-18,3,18,1,F9,268,SEA,SFO,715,106,679,0
2024-08-12,8,12,1,WN,269,IAH,LAS,1030,196,1220,9
2024-07-28,7,28,7,B6,270,ATL,JFK,1500,135,760,-9
2024-12-13,12,13,5,DL,271,SEA,SFO,930,107,679,9
2024-06-07,6,7,5,UA,272,LAX,ORD,900,249,1745,2
2024-06-17,6,17,1,NK,273,EWR,MCO,745,171,937,6
2024-07-04,7,4,4,AS,274,JFK,LAX,2015,357,2475,0
2024-02-09,2,9,5,UA,275,DFW,DEN,2200,141,641,6
2024-03-08,3,8,5,AS,276,BOS,MIA,1045,186,1258,39
2024-12-12,12,12,4,NK,277,LAX,ORD,1445,247,1745,9
2024-08-28,8,28,3,WN,278,MIA,BOS,1945,209,1258,102
2024-09-14,9,14,6,B6,279,ATL,JFK,930,126,760,-4
2024-10-10,10,10,4,F9,280,LAX,ORD,830,242,1745,6
2024-08-18,8,18,7,UA,281,MIA,BOS,715,211,1258,71
2024-01-14,1,14,7,F9,282,LAX,ORD,1245,242,1745,1
2024-01-15,1,15,1,AS,283,SFO,SEA,1515,109,679,107
2024-08-29,8,29,4,AA,284,MIA,BOS,2045,204,1258,106
2024-01-10,1,10,3,AA,285,ORD,ATL,2145,113,606,7
2024-06-03,6,3,1,B6,286,SFO,SEA,1900,108,679,10
2024-10-01,10,1,2,F9,287,BOS,MIA,930,198,1258,-3
2024-06-29,6,29,6,AA,288,BOS,MIA,2130,187,1258,-8
2024-08-28,8,28,3,AA,289,ATL,JFK,1300,136,760,1
2024-05-03,5,3,5,DL,290,LAX,ORD,1515,241,1745,8
2024-06-22,6,22,6,AS,291,SEA,SFO,1945,125,679,115
2024-02-02,2,2,5,UA,292,DFW,DEN,1415,121,641,-9
2024-06-10,6,10,1,WN,293,JFK,LAX,2030,351,2475,7
2024-07-01,7,1,1,WN,294,MIA,BOS,1530,188,1258,99
2024-07-23,7,23,2,AS,295,ATL,JFK,1515,140,760,2
2024-09-22,9,22,7,F9,296,LAX,ORD,745,259,1745,70
2024-05-30,5,30,4,UA,297,SEA,SFO,1430,119,679,100
2024-12-19,12,19,4,NK,298,DFW,DEN,1830,140,641,1
2024-12-09,12,9,1,AA,299,ORD,ATL,515,137,606,-5
2024-03-05,3,5,2,F9,300,JFK,LAX,1645,380,2475,1
2024-03-19,3,19,2,AA,301,BOS,MIA,1900,203,1258,1
2024-07-06,7,6,6,UA,302,SEA,SFO,800,128,679,-3
2024-09-22,9,22,7,UA,303,DEN,PHX,1345,106,602,-2
2024-09-08,9,8,7,B6,304,IAH,LAS,1915,213,1220,25
2024-12-15,12,15,7,F9,305,ORD,ATL,730,138,606,1
2024-12-30,12,30,1,B6,306,DFW,DEN,1615,123,641,-5
2024-05-01,5,1,3,WN,307,DFW,DEN,1645,145,641,86
2024-02-14,2,14,3,UA,308,BOS,MIA,2145,209,1258,5
2024-02-07,2,7,3,NK,309,BOS,MIA,1945,206,1258,-8
2024-10-09,10,9,3,AS,310,DFW,DEN,1800,146,641,32
2024-03-19,3,19,2,DL,311,SEA,SFO,1630,132,679,-3
2024-04-10,4,10,3,DL,312,MIA,BOS,1400,201,1258,-6
2024-10-24,10,24,4,UA,313,BOS,MIA,1500,211,1258,9
2024-01-24,1,24,3,AA,314,ORD,ATL,1145,129,606,-2
2024-11-17,11,17,7,AA,315,DEN,PHX,2015,125,602,-1
2024-08-20,8,20,2,NK,316,MIA,BOS,1845,199,1258,72
2024-11-06,11,6,3,WN,317,LAX,ORD,1645,244,1745,0
2024-10-14,10,14,1,AS,318,SEA,SFO,1345,112,679,-7
2024-01-26,1,26,5,UA,319,ORD,ATL,1815,140,606,9
2024-10-22,10,22,2,UA,320,LAX,ORD,2045,255,1745,36
2024-01-12,1,12,5,B6,321,DEN,PHX,1215,118,602,4
2024-01-26,1,26,5,AS,322,JFK,LAX,2030,367,2475,10
2024-08-08,8,8,4,AA,323,ORD,ATL,1730,111,606,62
2024-10-18,10,18,5,NK,324,JFK,LAX,745,366,2475,-1
2024-05-23,5,23,4,F9,325,SEA,SFO,815,108,679,9
2024-06-22,6,22,6,NK,326,LAX,ORD,1145,256,1745,-6
2024-01-20,1,20,6,AA,327,JFK,LAX,2145,354,2475,5
2024-11-09,11,9,6,UA,328,LAX,ORD,1430,256,1745,9
2024-10-15,10,15,2,F9,329,IAH,LAS,1500,198,1220,1
2024-12-18,12,18,3,B6,330,IAH,LAS,1200,203,1220,-2
2024-09-25,9,25,3,F9,331,DFW,DEN,915,121,641,2
2024-01-10,1,10,3,DL,332,SFO,SEA,1145,121,679,3
2024-02-01,2,1,4,F9,333,IAH,LAS,1545,201,1220,7
2024-03-29,3,29,5,NK,334,LAX,ORD,1630,259,1745,7
2024-05-06,5,6,1,F9,335,SFO,SEA,1415,127,679,-1
2024-09-02,9,2,1,F9,336,LAX,ORD,1400,258,1745,-2
2024-06-25,6,25,2,NK,337,ATL,JFK,630,155,760,-1
2024-08-14,8,14,3,DL,338,LAX,ORD,1130,269,1745,-4
2024-02-25,2,25,7,B6,339,DFW,DEN,615,140,641,-3
2024-02-21,2,21,3,WN,340,JFK,LAX,900,380,2475,-7
2024-11-30,11,30,6,UA,341,ATL,JFK,1130,135,760,5
2024-01-31,1,31,3,B6,342,EWR,MCO,1200,184,937,89
2024-03-31,3,31,7,UA,343,ATL,JFK,2015,154,760,66
2024-01-05,1,5,5,B6,344,JFK,LAX,1445,370,2475,0
2024-09-15,9,15,7,F9,345,DFW,DEN,1515,143,641,-7
2024-05-11,5,11,6,F9,346,EWR,MCO,1415,160,937,59
2024-09-20,9,20,5,NK,347,ATL,JFK,1015,140,760,-7
2024-01-04,1,4,4,AS,348,SFO,SEA,1530,123,679,-2
2024-11-30,11,30,6,AA,349,MIA,BOS,1930,190,1258,-7
2024-09-14,9,14,6,NK,350,EWR,MCO,830,166,937,-1
2024-03-09,3,9,6,WN,351,SFO,SEA,1645,127,679,9
2024-12-06,12,6,5,F9,352,SEA,SFO,745,121,679,9
2024-10-15,10,15,2,AS,353,ORD,ATL,1115,115,606,6
2024-08-14,8,14,3,AS,354,SEA,SFO,2000,133,679,8
2024-08-20,8,20,2,F9,355,JFK,LAX,645,371,2475,8
2024-01-12,1,12,5,B6,356,IAH,LAS,700,198,1220,-4
2024-02-02,2,2,5,AS,357,IAH,LAS,2000,194,1220,24
2024-03-10,3,10,7,NK,358,DFW,DEN,1830,148,641,10
2024-07-12,7,12,5,NK,359,DEN,PHX,930,103,602,7
2024-07-20,7,20,6,UA,360,SEA,SFO,500,114,679,-3
2024-10-05,10,5,6,F9,361,EWR,MCO,1245,166,937,-3
2024-04-06,4,6,6,UA,362,MIA,BOS,645,204,1258,-7
2024-04-15,4,15,1,AA,363,SFO,SEA,615,128,679,4
2024-08-12,8,12,1,AA,364,ATL,JFK,930,132,760,-9
2024-11-02,11,2,6,AS,365,BOS,MIA,1415,206,1258,-3
2024-06-02,6,2,7,WN,366,ATL,JFK,1045,142,760,8
2024-06-25,6,25,2,F9,367,JFK,LAX,1545,363,2475,6
2024-07-11,7,11,4,UA,368,MIA,BOS,1230,212,1258,-3
2024-01-30,1,30,2,UA,369,DEN,PHX,2115,112,602,7
2024-04-14,4,14,7,WN,370,MIA,BOS,1600,202,1258,73
2024-05-17,5,17,5,WN,371,JFK,LAX,715,375,2475,-9
2024-04-16,4,16,2,WN,372,DEN,PHX,1115,130,602,-10
2024-09-02,9,2,1,DL,373,IAH,LAS,1715,202,1220,-4
2024-07-13,7,13,6,AS,374,MIA,BOS,1330,201,1258,-1
2024-02-20,2,20,2,F9,375,DEN,PHX,1130,110,602,0
2024-10-15,10,15,2,NK,376,JFK,LAX,1345,359,2475,-10
2024-06-17,6,17,1,UA,377,SFO,SEA,2030,113,679,-3
2024-11-24,11,24,7,F9,378,IAH,LAS,1015,208,1220,1
2024-10-04,10,4,5,F9,379,DFW,DEN,600,150,641,6
2024-07-30,7,30,2,AA,380,JFK,LAX,900,356,2475,-8
2024-01-31,1,31,3,F9,381,LAX,ORD,2045,240,1745,9
2024-10-09,10,9,3,AA,382,SEA,SFO,1330,105,679,108
2024-02-24,2,24,6,NK,383,DFW,DEN,1130,146,641,-3
2024-07-22,7,22,1,AS,384,MIA,BOS,1215,194,1258,4
2024-11-28,11,28,4,DL,385,EWR,MCO,1745,156,937,64
2024-03-28,3,28,4,AA,386,IAH,LAS,1500,213,1220,10
2024-04-18,4,18,4,AA,387,SFO,SEA,2030,106,679,8
2024-05-23,5,23,4,DL,388,EWR,MCO,1030,155,937,-9
2024-03-14,3,14,4,WN,389,BOS,MIA,730,190,1258,2
2024-07-18,7,18,4,WN,390,BOS,MIA,900,201,1258,2
2024-02-20,2,20,2,AS,391,JFK,LAX,1730,350,2475,0
2024-09-08,9,8,7,B6,392,DEN,PHX,1815,121,602,2
2024-11-12,11,12,2,NK,393,ORD,ATL,730,114,606,25
2024-11-20,11,20,3,NK,394,IAH,LAS,800,185,1220,1
2024-07-03,7,3,3,B6,395,DEN,PHX,1045,114,602,27
2024-01-14,1,14,7,NK,396,ORD,ATL,1545,110,606,9
2024-07-17,7,17,3,B6,397,ATL,JFK,1215,146,760,7
2024-03-12,3,12,2,NK,398,DFW,DEN,715,133,641,-6
2024-06-02,6,2,7,B6,399,ATL,JFK,1245,144,760,48
2024-02-24,2,24,6,WN,400,DEN,PHX,1545,125,602,66
2024-06-20,6,20,4,AS,401,DEN,PHX,930,110,602,10
2024-06-09,6,9,7,WN,402,DEN,PHX,1445,130,602,0
2024-07-11,7,11,4,WN,403,LAX,ORD,815,258,1745,1
2024-10-08,10,8,2,UA,404,EWR,MCO,1930,181,937,-4
2024-12-10,12,10,2,DL,405,ATL,JFK,1315,147,760,-3
2024-02-07,2,7,3,NK,406,ATL,JFK,1745,142,760,8
2024-12-25,12,25,3,AA,407,LAX,ORD,700,264,1745,10
2024-12-06,12,6,5,WN,408,EWR,MCO,1730,185,937,-9
2024-01-06,1,6,6,NK,409,ORD,ATL,2115,124,606,111
2024-08-25,8,25,7,AS,410,ATL,JFK,930,125,760,6
2024-05-31,5,31,5,F9,411,ORD,ATL,930,119,606,-7
2024-04-15,4,15,1,AS,412,DEN,PHX,1945,110,602,-7
2024-01-23,1,23,2,DL,413,MIA,BOS,815,214,1258,59
2024-03-30,3,30,6,WN,414,SEA,SFO,1915,130,679,3
2024-04-04,4,4,4,NK,415,EWR,MCO,515,169,937,2
2024-01-03,1,3,3,NK,416,ATL,JFK,815,136,760,-8
2024-08-22,8,22,4,AS,417,SFO,SEA,2130,124,679,5
2024-07-19,7,19,5,NK,418,BOS,MIA,1030,214,1258,4
2024-03-09,3,9,6,DL,419,EWR,MCO,1030,177,937,30
2024-07-17,7,17,3,UA,420,SEA,SFO,1815,120,679,65
2024-03-26,3,26,2,UA,421,SEA,SFO,1900,132,679,56
2024-09-05,9,5,4,AS,422,JFK,LAX,2145,363,2475,7
2024-12-29,12,29,7,F9,423,ATL,JFK,515,134,760,-8
2024-04-25,4,25,4,AA,424,MIA,BOS,2000,203,1258,74
2024-10-05,10,5,6,DL,425,MIA,BOS,1915,198,1258,-9
2024-11-30,11,30,6,DL,426,IAH,LAS,1930,196,1220,-9
2024-03-01,3,1,5,DL,427,DEN,PHX,1645,105,602,8
2024-04-15,4,15,1,UA,428,SFO,SEA,1315,115,679,7
2024-10-20,10,20,7,B6,429,MIA,BOS,945,214,1258,-7
2024-12-01,12,1,7,AA,430,MIA,BOS,930,211,1258,-3
2024-07-20,7,20,6,WN,431,EWR,MCO,1845,169,937,-2
2024-02-17,2,17,6,DL,432,EWR,MCO,1945,165,937,1
2024-02-17,2,17,6,AA,433,IAH,LAS,745,191,1220,1
2024-09-10,9,10,2,NK,434,SFO,SEA,2215,123,679,0
2024-12-15,12,15,7,F9,435,LAX,ORD,1900,243,1745,96
2024-08-21,8,21,3,UA,436,DEN,PHX,930,105,602,-4
2024-12-01,12,1,7,B6,437,ORD,ATL,1000,122,606,101
2024-12-24,12,24,2,B6,438,IAH,LAS,800,191,1220,-8
2024-03-08,3,8,5,F9,439,ORD,ATL,500,132,606,4
2024-08-04,8,4,7,AS,440,ORD,ATL,1700,133,606,-3
2024-06-09,6,9,7,DL,441,ORD,ATL,915,112,606,64
2024-11-28,11,28,4,AA,442,BOS,MIA,945,204,1258,-4
2024-02-14,2,14,3,F9,443,SFO,SEA,1730,135,679,31
2024-03-12,3,12,2,NK,444,LAX,ORD,2230,264,1745,-3
2024-06-03,6,3,1,AA,445,EWR,MCO,1730,175,937,-4
2024-09-10,9,10,2,AA,446,SFO,SEA,700,116,679,10
2024-07-17,7,17,3,AS,447,DFW,DEN,2215,144,641,1
2024-01-09,1,9,2,F9,448,ORD,ATL,600,140,606,43
2024-05-26,5,26,7,NK,449,SEA,SFO,1845,107,679,3
2024-02-12,2,12,1,UA,450,MIA,BOS,930,197,1258,-4
2024-12-23,12,23,1,DL,451,MIA,BOS,615,187,1258,-3
2024-08-20,8,20,2,NK,452,ORD,ATL,1000,110,606,101
2024-01-06,1,6,6,UA,453,IAH,LAS,2130,190,1220,6
2024-05-17,5,17,5,AS,454,DFW,DEN,1545,128,641,19
2024-12-30,12,30,1,DL,455,MIA,BOS,1930,186,1258,5
2024-03-26,3,26,2,F9,456,BOS,MIA,815,208,1258,-7
2024-01-07,1,7,7,AA,457,JFK,LAX,915,379,2475,2
2024-12-01,12,1,7,AA,458,SEA,SFO,1530,131,679,3
2024-07-09,7,9,2,DL,459,BOS,MIA,1015,210,1258,-9
2024-02-05,2,5,1,AA,460,ATL,JFK,1500,142,760,-1
2024-07-07,7,7,7,F9,461,JFK,LAX,1245,361,2475,-1
2024-10-06,10,6,7,F9,462,SFO,SEA,1800,112,679,-10
2024-12-21,12,21,6,AS,463,EWR,MCO,1730,158,937,-10
2024-05-01,5,1,3,WN,464,SEA,SFO,1300,106,679,-6
2024-07-30,7,30,2,WN,465,SEA,SFO,815,125,679,-8
2024-10-30,10,30,3,NK,466,ORD,ATL,1230,118,606,-6
2024-12-24,12,24,2,AS,467,ATL,JFK,1315,127,760,4
2024-10-26,10,26,6,WN,468,DFW,DEN,1930,133,641,73
2024-07-02,7,2,2,DL,469,SEA,SFO,1930,132,679,55
2024-03-21,3,21,4,DL,470,ORD,ATL,615,136,606,106
2024-02-16,2,16,5,AS,471,DFW,DEN,2100,141,641,2
2024-03-30,3,30,6,B6,472,MIA,BOS,2215,188,1258,4
2024-03-12,3,12,2,F9,473,ORD,ATL,1215,116,606,115
2024-12-17,12,17,2,NK,474,LAX,ORD,1300,240,1745,8
2024-11-26,11,26,2,DL,475,SFO,SEA,1500,106,679,119
2024-03-27,3,27,3,F9,476,JFK,LAX,2000,362,2475,2
2024-06-30,6,30,7,NK,477,DFW,DEN,1915,121,641,-2
2024-05-31,5,31,5,WN,478,EWR,MCO,600,163,937,5
2024-08-02,8,2,5,NK,479,DFW,DEN,1200,132,641,6
2024-10-05,10,5,6,AS,480,DEN,PHX,2130,112,602,8
2024-01-14,1,14,7,B6,481,DFW,DEN,645,136,641,-2
2024-04-29,4,29,1,AS,482,BOS,MIA,1230,202,1258,100
2024-10-21,10,21,1,AA,483,SFO,SEA,1015,112,679,1
2024-12-23,12,23,1,AS,484,IAH,LAS,915,211,1220,1
2024-06-07,6,7,5,F9,485,SEA,SFO,1215,105,679,23
2024-06-18,6,18,2,F9,486,JFK,LAX,1515,379,2475,32
2024-01-12,1,12,5,AS,487,JFK,LAX,830,380,2475,-6
2024-12-26,12,26,4,DL,488,LAX,ORD,1530,250,1745,-7
2024-08-11,8,11,7,UA,489,DFW,DEN,1515,142,641,10
2024-12-06,12,6,5,AS,490,SFO,SEA,1415,110,679,55
2024-10-20,10,20,7,AA,491,IAH,LAS,615,204,1220,8
2024-04-23,4,23,2,AS,492,BOS,MIA,930,208,1258,79
2024-06-26,6,26,3,DL,493,SFO,SEA,1545,105,679,27
2024-05-07,5,7,2,B6,494,SFO,SEA,500,117,679,-7
2024-08-02,8,2,5,F9,495,IAH,LAS,1730,202,1220,5
2024-09-02,9,2,1,NK,496,ORD,ATL,1045,112,606,-3
2024-01-11,1,11,4,AA,497,MIA,BOS,1515,213,1258,-8
2024-02-08,2,8,4,NK,498,DFW,DEN,1545,142,641,-8
2024-11-30,11,30,6,AA,499,ATL,JFK,600,135,760,-5
2024-07-28,7,28,7,WN,500,SFO,SEA,1330,114,679,7
2024-01-26,1,26,5,WN,501,ORD,ATL,900,121,606,5
2024-02-14,2,14,3,AA,502,ATL,JFK,2015,128,760,9
2024-03-28,3,28,4,AA,503,SFO,SEA,830,130,679,5
2024-09-07,9,7,6,NK,504,DEN,PHX,2245,105,602,10
2024-07-08,7,8,1,AS,505,ATL,JFK,1930,132,760,72
2024-02-01,2,1,4,B6,506,BOS,MIA,730,210,1258,-7
2024-04-26,4,26,5,NK,507,BOS,MIA,1845,203,1258,6
2024-06-02,6,2,7,WN,508,DEN,PHX,2115,103,602,-9
2024-03-26,3,26,2,F9,509,DFW,DEN,645,122,641,-6
2024-11-17,11,17,7,NK,510,SFO,SEA,700,117,679,0
2024-06-15,6,15,6,NK,511,SEA,SFO,2145,108,679,-10
2024-03-16,3,16,6,NK,512,DFW,DEN,800,145,641,-7
2024-06-25,6,25,2,B6,513,SEA,SFO,2045,106,679,10
2024-07-25,7,25,4,UA,514,MIA,BOS,645,213,1258,2
2024-05-01,5,1,3,AS,515,IAH,LAS,1600,195,1220,-2
2024-05-23,5,23,4,B6,516,MIA,BOS,1215,194,1258,-7
2024-05-17,5,17,5,F9,517,LAX,ORD,1145,246,1745,-8
2024-09-05,9,5,4,NK,518,IAH,LAS,2115,187,1220,-9
2024-09-16,9,16,1,B6,519,IAH,LAS,515,191,1220,6
2024-05-07,5,7,2,WN,520,JFK,LAX,1130,361,2475,62
2024-07-22,7,22,1,F9,521,SEA,SFO,1230,120,679,19
2024-08-30,8,30,5,F9,522,DFW,DEN,1300,129,641,-5
2024-01-26,1,26,5,AA,523,ATL,JFK,1215,146,760,-4
2024-11-29,11,29,5,WN,524,MIA,BOS,545,214,1258,115
2024-03-29,3,29,5,UA,525,EWR,MCO,1430,168,937,48
2024-08-23,8,23,5,NK,526,LAX,ORD,1700,240,1745,6
2024-11-27,11,27,3,AS,527,SEA,SFO,2000,115,679,-7
2024-06-15,6,15,6,B6,528,EWR,MCO,1415,159,937,107
2024-11-03,11,3,7,WN,529,JFK,LAX,545,359,2475,-6
2024-07-26,7,26,5,B6,530,ATL,JFK,1130,148,760,106
2024-09-30,9,30,1,WN,531,EWR,MCO,2130,182,937,1
2024-10-12,10,12,6,UA,532,EWR,MCO,1315,185,937,32
2024-02-15,2,15,4,AS,533,EWR,MCO,1830,166,937,55
2024-05-30,5,30,4,B6,534,BOS,MIA,745,213,1258,22
2024-03-02,3,2,6,WN,535,SEA,SFO,1800,132,679,-1
2024-04-12,4,12,5,UA,536,DFW,DEN,930,147,641,4
2024-09-06,9,6,5,UA,537,ORD,ATL,600,124,606,0
2024-03-27,3,27,3,B6,538,SFO,SEA,715,124,679,116
2024-08-07,8,7,3,NK,539,EWR,MCO,500,172,937,2
2024-07-10,7,10,3,WN,540,IAH,LAS,1100,206,1220,6
2024-05-07,5,7,2,AA,541,EWR,MCO,900,167,937,-1
2024-02-03,2,3,6,B6,542,DFW,DEN,1930,133,641,-1
2024-09-07,9,7,6,UA,543,LAX,ORD,515,247,1745,2
2024-01-12,1,12,5,UA,544,SFO,SEA,645,133,679,62
2024-11-15,11,15,5,B6,545,SEA,SFO,500,127,679,-7
2024-08-15,8,15,4,DL,546,ATL,JFK,915,147,760,5
2024-08-03,8,3,6,AA,547,MIA,BOS,945,211,1258,-2
2024-11-12,11,12,2,DL,548,SEA,SFO,2015,124,679,29
2024-09-24,9,24,2,WN,549,MIA,BOS,1415,186,1258,3
2024-12-18,12,18,3,F9,550,SFO,SEA,500,134,679,-10
2024-12-08,12,8,7,DL,551,BOS,MIA,700,213,1258,6
2024-04-28,4,28,7,B6,552,EWR,MCO,1900,158,937,-2
2024-05-28,5,28,2,UA,553,JFK,LAX,800,377,2475,3
2024-03-11,3,11,1,AA,554,JFK,LAX,1930,378,2475,61
2024-06-24,6,24,1,DL,555,LAX,ORD,1345,262,1745,4
2024-11-28,11,28,4,F9,556,ATL,JFK,615,128,760,32
2024-09-04,9,4,3,NK,557,BOS,MIA,1730,204,1258,-5
2024-03-07,3,7,4,AA,558,EWR,MCO,1900,157,937,3
2024-06-09,6,9,7,B6,559,EWR,MCO,1230,171,937,6
2024-12-04,12,4,3,DL,560,ATL,JFK,1715,151,760,10
2024-11-25,11,25,1,AA,561,JFK,LAX,2015,352,2475,5
2024-05-03,5,3,5,F9,562,LAX,ORD,1245,252,1745,6
2024-08-23,8,23,5,WN,563,ORD,ATL,2045,120,606,-8
2024-11-30,11,30,6,DL,564,DEN,PHX,2200,126,602,-9
2024-11-12,11,12,2,DL,565,BOS,MIA,1145,215,1258,7
2024-01-28,1,28,7,AS,566,LAX,ORD,2245,262,1745,0
2024-08-19,8,19,1,AS,567,IAH,LAS,530,196,1220,-3
2024-09-24,9,24,2,B6,568,SEA,SFO,2015,131,679,37
2024-05-10,5,10,5,NK,569,ORD,ATL,1145,136,606,66
2024-06-22,6,22,6,WN,570,IAH,LAS,845,199,1220,10
2024-01-03,1,3,3,UA,571,DEN,PHX,2015,122,602,71
2024-03-06,3,6,3,UA,572,IAH,LAS,1545,198,1220,9
2024-07-22,7,22,1,WN,573,MIA,BOS,915,198,1258,4
2024-10-07,10,7,1,B6,574,IAH,LAS,1115,191,1220,7
2024-06-25,6,25,2,B6,575,EWR,MCO,1030,177,937,106
2024-10-14,10,14,1,DL,576,LAX,ORD,2230,268,1745,3
2024-09-24,9,24,2,NK,577,JFK,LAX,615,358,2475,-9
2024-12-15,12,15,7,UA,578,MIA,BOS,1100,196,1258,-1
2024-11-11,11,11,1,F9,579,ORD,ATL,2245,117,606,-3
2024-12-06,12,6,5,B6,580,IAH,LAS,1500,185,1220,3
2024-11-13,11,13,3,B6,581,SFO,SEA,1230,129,679,4
2024-04-09,4,9,2,WN,582,IAH,LAS,715,215,1220,103
2024-09-20,9,20,5,UA,583,IAH,LAS,2230,189,1220,51
2024-05-10,5,10,5,UA,584,BOS,MIA,615,214,1258,-6
2024-01-27,1,27,6,AS,585,BOS,MIA,2030,187,1258,-1
2024-04-22,4,22,1,AS,586,SEA,SFO,1045,122,679,6
2024-06-27,6,27,4,NK,587,ORD,ATL,1530,119,606,58
2024-09-28,9,28,6,WN,588,BOS,MIA,500,206,1258,10
2024-05-03,5,3,5,AS,589,DEN,PHX,1200,121,602,9
2024-02-28,2,28,3,AS,590,ATL,JFK,530,141,760,-1
2024-01-23,1,23,2,F9,591,DEN,PHX,2100,130,602,0
2024-10-02,10,2,3,DL,592,DFW,DEN,1145,146,641,-4
2024-10-02,10,2,3,DL,593,SFO,SEA,715,105,679,3
2024-06-18,6,18,2,F9,594,IAH,LAS,1300,203,1220,38
2024-07-27,7,27,6,WN,595,MIA,BOS,1500,197,1258,3
2024-01-04,1,4,4,DL,596,SEA,SFO,600,116,679,8
2024-12-17,12,17,2,DL,597,MIA,BOS,1945,197,1258,113
2024-03-21,3,21,4,AA,598,DEN,PHX,2230,130,602,66
2024-12-12,12,12,4,UA,599,MIA,BOS,1600,202,1258,10
2024-01-22,1,22,1,UA,600,ORD,ATL,2200,119,606,7
2024-06-25,6,25,2,WN,601,IAH,LAS,915,190,1220,6
2024-05-09,5,9,4,WN,602,BOS,MIA,645,205,1258,8
2024-12-09,12,9,1,DL,603,MIA,BOS,2030,196,1258,108
2024-12-01,12,1,7,UA,604,EWR,MCO,1130,170,937,-8
2024-11-11,11,11,1,F9,605,LAX,ORD,1630,270,1745,-6
2024-01-03,1,3,3,NK,606,DFW,DEN,1830,146,641,10
2024-12-13,12,13,5,AS,607,DFW,DEN,1930,144,641,4
2024-10-09,10,9,3,B6,608,DEN,PHX,1315,128,602,-8
2024-11-16,11,16,6,WN,609,MIA,BOS,2100,211,1258,18
2024-04-18,4,18,4,NK,610,BOS,MIA,2245,205,1258,7
2024-07-19,7,19,5,UA,611,LAX,ORD,945,256,1745,-1
2024-07-05,7,5,5,DL,612,ATL,JFK,1015,139,760,9
2024-10-16,10,16,3,UA,613,DFW,DEN,2030,121,641,-6
2024-04-28,4,28,7,WN,614,DEN,PHX,1130,112,602,-9
2024-01-24,1,24,3,F9,615,DEN,PHX,2130,126,602,-7
2024-10-05,10,5,6,B6,616,BOS,MIA,1600,201,1258,2
2024-04-24,4,24,3,B6,617,ATL,JFK,2045,153,760,1
2024-03-12,3,12,2,AA,618,SEA,SFO,1315,109,679,6
2024-07-04,7,4,4,UA,619,DFW,DEN,1830,143,641,-3
2024-12-11,12,11,3,DL,620,DEN,PHX,1800,107,602,-5
2024-10-20,10,20,7,AA,621,DFW,DEN,615,121,641,81
2024-04-02,4,2,2,UA,622,MIA,BOS,530,215,1258,8
2024-08-17,8,17,6,DL,623,SFO,SEA,1015,131,679,5
2024-03-14,3,14,4,NK,624,BOS,MIA,2130,190,1258,-5
2024-11-01,11,1,5,AS,625,DEN,PHX,900,100,602,2
2024-09-15,9,15,7,WN,626,SEA,SFO,815,120,679,9
2024-09-14,9,14,6,AA,627,SEA,SFO,900,133,679,100
2024-08-03,8,3,6,NK,628,SEA,SFO,1815,135,679,83
2024-06-28,6,28,5,F9,629,ATL,JFK,845,129,760,8
2024-04-29,4,29,1,B6,630,DEN,PHX,2245,108,602,92
2024-12-29,12,29,7,WN,631,JFK,LAX,800,362,2475,82
2024-06-10,6,10,1,WN,632,IAH,LAS,1330,212,1220,70
2024-07-06,7,6,6,NK,633,BOS,MIA,1145,202,1258,2
2024-07-08,7,8,1,F9,634,DFW,DEN,1645,143,641,-1
2024-03-01,3,1,5,UA,635,EWR,MCO,815,171,937,-5
2024-10-08,10,8,2,NK,636,LAX,ORD,1045,270,1745,-9
2024-03-15,3,15,5,AA,637,ORD,ATL,730,117,606,-8
2024-11-07,11,7,4,AS,638,ORD,ATL,2130,132,606,2
2024-11-23,11,23,6,AA,639,DFW,DEN,2130,126,641,100
2024-09-18,9,18,3,AA,640,BOS,MIA,630,192,1258,-5
2024-02-14,2,14,3,AA,641,DFW,DEN,1745,138,641,1
2024-01-08,1,8,1,WN,642,SEA,SFO,2230,128,679,27
2024-05-21,5,21,2,AS,643,LAX,ORD,1700,248,1745,4
2024-09-16,9,16,1,UA,644,ATL,JFK,1500,150,760,53
2024-10-21,10,21,1,B6,645,SEA,SFO,2015,129,679,2
2024-12-14,12,14,6,AS,646,DEN,PHX,2000,108,602,-10
2024-11-20,11,20,3,DL,647,ATL,JFK,1545,155,760,-3
2024-10-01,10,1,2,AS,648,SEA,SFO,1400,117,679,-3
2024-10-10,10,10,4,AS,649,ORD,ATL,1130,115,606,1
2024-04-12,4,12,5,WN,650,DEN,PHX,1115,106,602,-2
2024-07-01,7,1,1,WN,651,BOS,MIA,2000,209,1258,26
2024-07-09,7,9,2,AA,652,DEN,PHX,1345,105,602,8
2024-04-23,4,23,2,B6,653,ATL,JFK,1845,155,760,83
2024-06-26,6,26,3,AA,654,SEA,SFO,1900,127,679,-5
2024-12-18,12,18,3,F9,655,LAX,ORD,830,251,1745,2
2024-10-07,10,7,1,B6,656,DFW,DEN,1530,125,641,9
2024-04-17,4,17,3,F9,657,ATL,JFK,1730,139,760,1
2024-03-08,3,8,5,UA,658,BOS,MIA,1315,202,1258,-7
2024-04-10,4,10,3,NK,659,ATL,JFK,2000,130,760,-6
2024-03-09,3,9,6,NK,660,DEN,PHX,2230,125,602,6
2024-05-08,5,8,3,F9,661,MIA,BOS,815,186,1258,2
2024-08-31,8,31,6,WN,662,MIA,BOS,1530,196,1258,111
2024-10-12,10,12,6,AS,663,SEA,SFO,1800,116,679,-10
2024-10-21,10,21,1,WN,664,BOS,MIA,1630,206,1258,-1
2024-08-16,8,16,5,F9,665,IAH,LAS,1915,212,1220,-1
2024-06-21,6,21,5,UA,666,EWR,MCO,700,160,937,2
2024-06-09,6,9,7,AS,667,SFO,SEA,1730,133,679,-2
2024-10-27,10,27,7,F9,668,LAX,ORD,1000,244,1745,-5
2024-05-08,5,8,3,WN,669,EWR,MCO,1115,167,937,-8
2024-02-02,2,2,5,DL,670,ORD,ATL,545,126,606,-9
2024-05-14,5,14,2,DL,671,ORD,ATL,1415,117,606,65
2024-11-16,11,16,6,B6,672,DEN,PHX,500,121,602,-5
2024-08-31,8,31,6,AS,673,LAX,ORD,2245,244,1745,-2
2024-11-01,11,1,5,UA,674,BOS,MIA,1830,214,1258,8
2024-10-03,10,3,4,AS,675,DEN,PHX,1645,108,602,55
2024-01-06,1,6,6,UA,676,MIA,BOS,1630,200,1258,-6
2024-09-08,9,8,7,AA,677,IAH,LAS,1830,204,1220,-10
2024-10-07,10,7,1,WN,678,JFK,LAX,1845,357,2475,7
2024-11-26,11,26,2,UA,679,IAH,LAS,745,205,1220,-2
2024-11-09,11,9,6,WN,680,SEA,SFO,2230,118,679,-1
2024-04-03,4,3,3,WN,681,ORD,ATL,1930,132,606,74
2024-06-13,6,13,4,F9,682,SFO,SEA,515,108,679,84
2024-03-05,3,5,2,B6,683,MIA,BOS,715,185,1258,-3
2024-06-24,6,24,1,F9,684,SFO,SEA,1645,127,679,5
2024-02-11,2,11,7,AA,685,LAX,ORD,1345,242,1745,-9
2024-04-08,4,8,1,F9,686,DFW,DEN,500,144,641,2
2024-08-14,8,14,3,WN,687,ATL,JFK,1900,141,760,-4
2024-07-18,7,18,4,WN,688,DEN,PHX,1000,123,602,0
2024-09-03,9,3,2,DL,689,MIA,BOS,1100,192,1258,-9
2024-01-08,1,8,1,NK,690,LAX,ORD,1715,240,1745,-7
2024-12-19,12,19,4,AA,691,BOS,MIA,715,190,1258,1
2024-12-17,12,17,2,F9,692,ORD,ATL,600,121,606,10
2024-10-01,10,1,2,UA,693,IAH,LAS,1530,210,1220,45
2024-04-08,4,8,1,F9,694,IAH,LAS,1300,200,1220,-6
2024-05-30,5,30,4,F9,695,SEA,SFO,1030,115,679,8
2024-11-02,11,2,6,F9,696,MIA,BOS,2115,199,1258,-8
2024-10-04,10,4,5,B6,697,MIA,BOS,2145,208,1258,97
2024-11-13,11,13,3,UA,698,JFK,LAX,1500,371,2475,-3
2024-09-25,9,25,3,NK,699,SFO,SEA,1430,118,679,-6
2024-02-19,2,19,1,AS,700,ORD,ATL,1000,116,606,32
2024-04-08,4,8,1,DL,701,DEN,PHX,2030,101,602,2
2024-11-06,11,6,3,AS,702,SFO,SEA,2000,119,679,42
2024-10-12,10,12,6,AA,703,LAX,ORD,630,256,1745,1
2024-02-06,2,6,2,AA,704,IAH,LAS,2100,188,1220,43
2024-07-16,7,16,2,WN,705,SEA,SFO,1045,128,679,-3
2024-10-22,10,22,2,DL,706,EWR,MCO,815,180,937,3
2024-07-24,7,24,3,UA,707,SEA,SFO,1930,133,679,7
2024-06-15,6,15,6,AS,708,SEA,SFO,1830,124,679,10
2024-10-06,10,6,7,WN,709,BOS,MIA,1645,199,1258,-2
2024-01-18,1,18,4,NK,710,JFK,LAX,930,350,2475,6
2024-04-19,4,19,5,B6,711,SFO,SEA,1315,108,679,104
2024-07-01,7,1,1,AA,712,DEN,PHX,1215,108,602,8
2024-10-19,10,19,6,B6,713,ORD,ATL,1545,115,606,-8
2024-12-25,12,25,3,F9,714,IAH,LAS,1400,208,1220,9
2024-01-29,1,29,1,NK,715,ORD,ATL,1845,139,606,120
2024-11-30,11,30,6,DL,716,SFO,SEA,1700,114,679,10
2024-10-03,10,3,4,AA,717,LAX,ORD,900,261,1745,-3
2024-10-31,10,31,4,NK,718,DEN,PHX,1445,104,602,71
2024-02-12,2,12,1,UA,719,LAX,ORD,1730,242,1745,7
2024-08-10,8,10,6,NK,720,SEA,SFO,2015,120,679,33
2024-10-19,10,19,6,NK,721,EWR,MCO,1215,157,937,6
2024-06-14,6,14,5,B6,722,ATL,JFK,1845,136,760,-7
2024-06-13,6,13,4,AS,723,SFO,SEA,1030,124,679,-1
2024-03-15,3,15,5,F9,724,BOS,MIA,1130,189,1258,-3
2024-01-28,1,28,7,DL,725,ORD,ATL,1400,120,606,-6
2024-08-18,8,18,7,DL,726,MIA,BOS,1115,202,1258,7
2024-09-04,9,4,3,B6,727,SEA,SFO,1700,113,679,-10
2024-05-25,5,25,6,UA,728,JFK,LAX,645,370,2475,-2
2024-07-17,7,17,3,AA,729,ORD,ATL,800,119,606,1
2024-07-13,7,13,6,NK,730,SFO,SEA,2000,110,679,0
2024-08-22,8,22,4,WN,731,SEA,SFO,1230,115,679,-9
2024-03-21,3,21,4,F9,732,ATL,JFK,1415,141,760,1
2024-11-16,11,16,6,B6,733,JFK,LAX,2230,357,2475,-10
2024-07-20,7,20,6,UA,734,LAX,ORD,2115,253,1745,64
2024-03-19,3,19,2,WN,735,BOS,MIA,1545,202,1258,9
2024-11-30,11,30,6,UA,736,SFO,SEA,930,127,679,-4
2024-03-15,3,15,5,UA,737,ATL,JFK,1500,142,760,-5
2024-06-11,6,11,2,DL,738,DFW,DEN,1545,150,641,19
2024-08-14,8,14,3,NK,739,MIA,BOS,1315,209,1258,10
2024-03-08,3,8,5,WN,740,ORD,ATL,1315,129,606,9
2024-12-17,12,17,2,WN,741,SFO,SEA,2015,121,679,115
2024-11-28,11,28,4,F9,742,IAH,LAS,2015,190,1220,5
2024-01-17,1,17,3,WN,743,SFO,SEA,1815,128,679,-2
2024-02-03,2,3,6,WN,744,SFO,SEA,2030,132,679,4
2024-08-06,8,6,2,F9,745,SFO,SEA,1730,117,679,110
2024-02-25,2,25,7,AA,746,SEA,SFO,1245,128,679,-9
2024-07-17,7,17,3,AA,747,SEA,SFO,1130,119,679,-9
2024-05-26,5,26,7,NK,748,MIA,BOS,615,199,1258,9
2024-09-13,9,13,5,F9,749,ORD,ATL,945,123,606,7
2024-01-13,1,13,6,AS,750,DEN,PHX,1900,108,602,-4
2024-11-28,11,28,4,AS,751,IAH,LAS,700,207,1220,-7
2024-07-04,7,4,4,F9,752,EWR,MCO,1045,172,937,6
2024-03-28,3,28,4,NK,753,JFK,LAX,1015,355,2475,-6
2024-06-06,6,6,4,AA,754,ATL,JFK,1415,128,760,4
2024-01-02,1,2,2,UA,755,SFO,SEA,2045,122,679,4
2024-09-09,9,9,1,AA,756,BOS,MIA,1945,199,1258,5
2024-11-03,11,3,7,DL,757,BOS,MIA,2215,186,1258,-2
2024-01-29,1,29,1,UA,758,DFW,DEN,1430,149,641,20
2024-02-25,2,25,7,DL,759,JFK,LAX,1415,380,2475,102
2024-10-23,10,23,3,F9,760,IAH,LAS,1430,196,1220,114
2024-08-06,8,6,2,NK,761,ORD,ATL,900,132,606,76
2024-09-26,9,26,4,B6,762,LAX,ORD,600,258,1745,-4
2024-12-18,12,18,3,DL,763,DEN,PHX,1830,108,602,-1
2024-11-10,11,10,7,AS,764,DFW,DEN,2045,145,641,10
2024-04-29,4,29,1,UA,765,BOS,MIA,800,199,1258,-10
2024-04-16,4,16,2,DL,766,IAH,LAS,630,196,1220,3
2024-11-23,11,23,6,WN,767,JFK,LAX,1430,366,2475,-8
2024-02-28,2,28,3,AS,768,JFK,LAX,515,356,2475,8
2024-12-10,12,10,2,AS,769,LAX,ORD,945,244,1745,-9
2024-06-20,6,20,4,F9,770,SEA,SFO,2130,123,679,-9
2024-10-01,10,1,2,AS,771,SEA,SFO,1600,109,679,0
2024-06-22,6,22,6,B6,772,JFK,LAX,1715,369,2475,-5
2024-12-27,12,27,5,DL,773,MIA,BOS,1800,200,1258,-2
2024-08-19,8,19,1,WN,774,LAX,ORD,1415,243,1745,6
2024-04-13,4,13,6,AS,775,JFK,LAX,2015,356,2475,-10
2024-09-25,9,25,3,AS,776,DEN,PHX,2115,106,602,-7
2024-07-17,7,17,3,AA,777,DEN,PHX,1400,121,602,-10
2024-08-27,8,27,2,DL,778,LAX,ORD,1400,258,1745,114
2024-04-17,4,17,3,B6,779,EWR,MCO,2230,179,937,51
2024-03-01,3,1,5,F9,780,EWR,MCO,500,161,937,30
2024-06-12,6,12,3,AS,781,SEA,SFO,1215,107,679,-1
2024-06-22,6,22,6,B6,782,BOS,MIA,2000,188,1258,19
2024-02-14,2,14,3,NK,783,JFK,LAX,1930,359,2475,92
2024-12-09,12,9,1,AS,784,SFO,SEA,1915,107,679,112
2024-08-21,8,21,3,F9,785,ORD,ATL,2015,140,606,4
2024-11-11,11,11,1,WN,786,DFW,DEN,1530,134,641,-5
2024-02-03,2,3,6,F9,787,JFK,LAX,1030,374,2475,4
2024-10-21,10,21,1,AS,788,BOS,MIA,830,202,1258,120
2024-09-29,9,29,7,DL,789,MIA,BOS,1215,200,1258,-3
2024-06-23,6,23,7,NK,790,ORD,ATL,1830,127,606,3
2024-12-05,12,5,4,WN,791,DFW,DEN,2000,138,641,8
2024-10-11,10,11,5,F9,792,LAX,ORD,1700,259,1745,-1
2024-11-01,11,1,5,DL,793,EWR,MCO,600,161,937,5
2024-11-21,11,21,4,UA,794,BOS,MIA,1930,197,1258,-6
2024-04-15,4,15,1,F9,795,SFO,SEA,1445,127,679,8
2024-10-25,10,25,5,AS,796,ORD,ATL,930,111,606,2
2024-01-28,1,28,7,AS,797,SEA,SFO,830,132,679,1
2024-08-09,8,9,5,AA,798,SFO,SEA,1745,117,679,0
2024-04-18,4,18,4,NK,799,SEA,SFO,2245,131,679,-4
2024-03-19,3,19,2,AS,800,ATL,JFK,900,127,760,-6
2024-09-06,9,6,5,AA,801,DFW,DEN,715,140,641,-6
2024-12-22,12,22,7,NK,802,DEN,PHX,1945,117,602,-5
2024-06-30,6,30,7,F9,803,ATL,JFK,2015,147,760,-10
2024-10-06,10,6,7,B6,804,ATL,JFK,2030,128,760,20
2024-02-10,2,10,6,F9,805,IAH,LAS,1900,201,1220,-2
2024-08-29,8,29,4,DL,806,SFO,SEA,2230,124,679,-8
2024-09-30,9,30,1,AA,807,LAX,ORD,2030,253,1745,6
2024-05-28,5,28,2,AS,808,MIA,BOS,1430,186,1258,9
2024-03-27,3,27,3,F9,809,BOS,MIA,530,200,1258,-1
2024-09-15,9,15,7,DL,810,DFW,DEN,930,128,641,-2
2024-02-27,2,27,2,B6,811,JFK,LAX,1930,375,2475,-6
2024-12-24,12,24,2,UA,812,MIA,BOS,630,187,1258,6
2024-03-19,3,19,2,UA,813,BOS,MIA,1715,206,1258,3
2024-11-22,11,22,5,F9,814,IAH,LAS,630,209,1220,1
2024-03-26,3,26,2,DL,815,JFK,LAX,2215,362,2475,5
2024-05-14,5,14,2,NK,816,DEN,PHX,1445,112,602,-10
2024-12-15,12,15,7,AS,817,SEA,SFO,1645,124,679,84
2024-05-18,5,18,6,B6,818,LAX,ORD,1745,264,1745,99
2024-12-10,12,10,2,WN,819,IAH,LAS,1030,202,1220,59
2024-01-05,1,5,5,AA,820,EWR,MCO,2100,176,937,28
2024-04-22,4,22,1,F9,821,LAX,ORD,500,241,1745,-9
2024-11-22,11,22,5,WN,822,BOS,MIA,945,206,1258,-8
2024-12-22,12,22,7,UA,823,ORD,ATL,1930,134,606,-8
2024-12-07,12,7,6,NK,824,IAH,LAS,730,209,1220,-5
2024-07-17,7,17,3,AA,825,ATL,JFK,1315,139,760,120
2024-04-12,4,12,5,DL,826,DEN,PHX,815,117,602,78
2024-11-10,11,10,7,NK,827,SFO,SEA,800,107,679,-2
2024-05-08,5,8,3,DL,828,BOS,MIA,900,214,1258,79
2024-07-18,7,18,4,AA,829,EWR,MCO,545,170,937,2
2024-02-05,2,5,1,NK,830,ATL,JFK,2000,143,760,104
2024-12-15,12,15,7,AS,831,LAX,ORD,730,257,1745,98
2024-08-23,8,23,5,AS,832,ORD,ATL,1000,140,606,41
2024-04-07,4,7,7,NK,833,EWR,MCO,1645,157,937,-7
2024-04-07,4,7,7,F9,834,IAH,LAS,1245,197,1220,108
2024-11-25,11,25,1,DL,835,SEA,SFO,500,115,679,4
2024-01-22,1,22,1,AA,836,LAX,ORD,2145,270,1745,10
2024-10-23,10,23,3,UA,837,IAH,LAS,945,205,1220,110
2024-11-12,11,12,2,AA,838,DEN,PHX,515,120,602,-6
2024-02-19,2,19,1,AA,839,MIA,BOS,700,188,1258,91
2024-11-11,11,11,1,F9,840,BOS,MIA,1545,195,1258,3
2024-10-21,10,21,1,DL,841,EWR,MCO,615,165,937,-4
2024-05-20,5,20,1,DL,842,ORD,ATL,2215,124,606,1
2024-01-21,1,21,7,WN,843,BOS,MIA,1715,185,1258,10
2024-01-04,1,4,4,F9,844,ORD,ATL,1445,132,606,10
2024-03-05,3,5,2,F9,845,IAH,LAS,1945,192,1220,6
2024-12-20,12,20,5,UA,846,BOS,MIA,730,196,1258,5
2024-10-12,10,12,6,NK,847,JFK,LAX,830,377,2475,83
2024-11-16,11,16,6,WN,848,DEN,PHX,815,121,602,-4
2024-03-31,3,31,7,F9,849,DEN,PHX,1630,106,602,-9
2024-06-20,6,20,4,NK,850,MIA,BOS,600,208,1258,4
2024-03-31,3,31,7,AA,851,SEA,SFO,800,133,679,81
2024-08-15,8,15,4,WN,852,IAH,LAS,1515,209,1220,-4
2024-04-26,4,26,5,DL,853,LAX,ORD,1715,242,1745,-4
2024-09-05,9,5,4,F9,854,BOS,MIA,1915,197,1258,-4
2024-08-22,8,22,4,AS,855,DFW,DEN,1130,124,641,-2
2024-10-18,10,18,5,AA,856,IAH,LAS,1945,190,1220,75
2024-05-31,5,31,5,AS,857,SFO,SEA,1015,107,679,10
2024-09-07,9,7,6,NK,858,SEA,SFO,1930,105,679,5
2024-05-06,5,6,1,NK,859,IAH,LAS,900,198,1220,-3
2024-08-28,8,28,3,AA,860,JFK,LAX,2145,365,2475,3
2024-09-10,9,10,2,DL,861,DEN,PHX,1815,104,602,-10
2024-05-02,5,2,4,AS,862,MIA,BOS,1415,207,1258,77
2024-10-25,10,25,5,F9,863,BOS,MIA,1715,210,1258,-6
2024-08-25,8,25,7,AS,864,EWR,MCO,745,183,937,96
2024-01-17,1,17,3,AS,865,SEA,SFO,2215,130,679,9
2024-06-20,6,20,4,DL,866,BOS,MIA,1600,188,1258,102
2024-08-26,8,26,1,NK,867,LAX,ORD,2200,257,1745,-5
2024-06-20,6,20,4,WN,868,DFW,DEN,1115,130,641,77
2024-09-14,9,14,6,AS,869,MIA,BOS,1630,199,1258,-8
2024-09-26,9,26,4,F9,870,SEA,SFO,2230,119,679,7
2024-12-20,12,20,5,AS,871,EWR,MCO,1145,157,937,-8
2024-04-01,4,1,1,DL,872,ATL,JFK,1030,128,760,-7
2024-03-18,3,18,1,UA,873,DEN,PHX,530,113,602,10
2024-06-26,6,26,3,UA,874,DEN,PHX,1415,102,602,-10
2024-09-23,9,23,1,AA,875,SFO,SEA,1545,123,679,0
2024-06-04,6,4,2,F9,876,DEN,PHX,1030,107,602,-1
2024-05-27,5,27,1,F9,877,LAX,ORD,1445,270,1745,61
2024-03-23,3,23,6,UA,878,BOS,MIA,915,192,1258,-5
2024-06-11,6,11,2,DL,879,JFK,LAX,1015,367,2475,1
2024-06-11,6,11,2,AA,880,EWR,MCO,2215,172,937,73
2024-01-13,1,13,6,B6,881,ORD,ATL,1930,114,606,-6
2024-10-06,10,6,7,AA,882,IAH,LAS,2030,215,1220,-1
2024-08-14,8,14,3,UA,883,BOS,MIA,615,206,1258,77
2024-01-13,1,13,6,DL,884,MIA,BOS,1600,195,1258,4
2024-11-24,11,24,7,AA,885,BOS,MIA,1100,187,1258,-2
2024-12-09,12,9,1,F9,886,EWR,MCO,1145,165,937,2
2024-07-03,7,3,3,AA,887,EWR,MCO,1645,166,937,3
2024-06-25,6,25,2,AA,888,MIA,BOS,715,208,1258,7
2024-07-31,7,31,3,F9,889,IAH,LAS,1815,211,1220,3
2024-04-16,4,16,2,DL,890,DFW,DEN,1500,149,641,6
2024-01-04,1,4,4,NK,891,ORD,ATL,1045,132,606,3
2024-04-05,4,5,5,UA,892,SFO,SEA,630,131,679,5
2024-10-13,10,13,7,B6,893,DEN,PHX,930,109,602,-10
2024-11-30,11,30,6,F9,894,ORD,ATL,2015,110,606,38
2024-09-09,9,9,1,DL,895,MIA,BOS,1645,203,1258,111
2024-11-17,11,17,7,NK,896,MIA,BOS,1600,212,1258,-7
2024-10-24,10,24,4,B6,897,DFW,DEN,1615,121,641,-6
2024-08-02,8,2,5,B6,898,LAX,ORD,1430,256,1745,-9
2024-04-09,4,9,2,DL,899,SEA,SFO,1030,132,679,28
2024-06-03,6,3,1,AS,900,EWR,MCO,830,181,937,1
2024-03-11,3,11,1,UA,901,JFK,LAX,1830,379,2475,5
2024-04-21,4,21,7,UA,902,ORD,ATL,2200,123,606,40
2024-02-29,2,29,4,F9,903,ORD,ATL,1630,132,606,5
2024-08-14,8,14,3,AS,904,DFW,DEN,1030,120,641,0
2024-03-06,3,6,3,DL,905,SFO,SEA,1415,111,679,45
2024-08-05,8,5,1,UA,906,ORD,ATL,545,134,606,-8
2024-04-10,4,10,3,NK,907,JFK,LAX,645,353,2475,6
2024-02-03,2,3,6,B6,908,JFK,LAX,815,368,2475,28
2024-12-09,12,9,1,WN,909,DFW,DEN,1330,131,641,111
2024-11-09,11,9,6,UA,910,SEA,SFO,515,127,679,-7
2024-03-28,3,28,4,WN,911,MIA,BOS,1145,196,1258,-7
2024-12-10,12,10,2,UA,912,DEN,PHX,1745,106,602,61
2024-02-27,2,27,2,WN,913,ATL,JFK,815,140,760,4
2024-05-27,5,27,1,AS,914,IAH,LAS,2000,197,1220,57
2024-11-03,11,3,7,B6,915,DEN,PHX,1245,109,602,4
2024-02-05,2,5,1,NK,916,SFO,SEA,1000,126,679,1
2024-02-23,2,23,5,F9,917,EWR,MCO,815,167,937,-8
2024-10-29,10,29,2,NK,918,IAH,LAS,730,191,1220,-5
2024-10-31,10,31,4,AS,919,SFO,SEA,1845,113,679,-3
2024-07-23,7,23,2,B6,920,EWR,MCO,2030,159,937,2
2024-03-03,3,3,7,F9,921,ORD,ATL,900,113,606,10
2024-09-12,9,12,4,AA,922,ORD,ATL,1515,119,606,2
2024-12-04,12,4,3,DL,923,ORD,ATL,1130,131,606,4
2024-09-15,9,15,7,F9,924,DEN,PHX,2200,130,602,7
2024-03-01,3,1,5,AA,925,ATL,JFK,1945,126,760,2
2024-10-12,10,12,6,AA,926,DFW,DEN,2045,124,641,-5
2024-07-18,7,18,4,B6,927,IAH,LAS,2045,200,1220,102
2024-01-29,1,29,1,UA,928,SEA,SFO,1630,115,679,2
2024-10-29,10,29,2,AA,929,JFK,LAX,530,362,2475,1
2024-06-25,6,25,2,DL,930,ATL,JFK,1215,132,760,-9
2024-02-13,2,13,2,B6,931,BOS,MIA,830,190,1258,55
2024-06-15,6,15,6,AA,932,SEA,SFO,2145,113,679,3
2024-08-28,8,28,3,AA,933,IAH,LAS,1730,203,1220,2
2024-02-21,2,21,3,DL,934,DEN,PHX,2130,105,602,5
2024-08-11,8,11,7,B6,935,LAX,ORD,2215,249,1745,-8
2024-06-01,6,1,6,B6,936,JFK,LAX,700,368,2475,-3
2024-02-04,2,4,7,AS,937,MIA,BOS,1130,210,1258,3
2024-06-03,6,3,1,DL,938,EWR,MCO,1515,168,937,7
2024-11-15,11,15,5,NK,939,MIA,BOS,1000,205,1258,7
2024-09-12,9,12,4,UA,940,BOS,MIA,1345,214,1258,4
2024-04-12,4,12,5,AA,941,SEA,SFO,1445,118,679,35
2024-11-20,11,20,3,AS,942,ORD,ATL,1030,131,606,-1
2024-05-02,5,2,4,WN,943,ATL,JFK,1445,140,760,-3
2024-11-27,11,27,3,NK,944,ATL,JFK,900,133,760,50
2024-10-08,10,8,2,B6,945,EWR,MCO,500,182,937,5
2024-11-04,11,4,1,DL,946,LAX,ORD,1600,252,1745,68
2024-02-27,2,27,2,UA,947,SFO,SEA,2130,120,679,-7
2024-11-03,11,3,7,DL,948,SFO,SEA,1715,134,679,0
2024-03-14,3,14,4,NK,949,SFO,SEA,1945,113,679,-2
2024-09-30,9,30,1,AA,950,DEN,PHX,2245,115,602,0
2024-03-15,3,15,5,WN,951,MIA,BOS,500,211,1258,-1
2024-12-09,12,9,1,AA,952,IAH,LAS,1600,202,1220,-1
2024-07-17,7,17,3,WN,953,DEN,PHX,1400,129,602,-2
2024-04-17,4,17,3,WN,954,MIA,BOS,1545,210,1258,72
2024-02-11,2,11,7,AA,955,MIA,BOS,1830,207,1258,5
2024-03-23,3,23,6,NK,956,ORD,ATL,1830,124,606,1
2024-11-24,11,24,7,AA,957,JFK,LAX,900,362,2475,10
2024-06-05,6,5,3,WN,958,EWR,MCO,1215,182,937,36
2024-08-19,8,19,1,NK,959,LAX,ORD,1030,265,1745,-2
2024-02-13,2,13,2,B6,960,SFO,SEA,1200,135,679,2
2024-11-27,11,27,3,AA,961,SEA,SFO,1915,113,679,-8
2024-07-24,7,24,3,UA,962,JFK,LAX,730,355,2475,-6
2024-09-26,9,26,4,DL,963,JFK,LAX,2000,357,2475,4
2024-05-16,5,16,4,WN,964,SFO,SEA,1815,124,679,-6
2024-12-12,12,12,4,WN,965,MIA,BOS,530,193,1258,-6
2024-08-18,8,18,7,WN,966,BOS,MIA,1900,185,1258,10
2024-06-14,6,14,5,F9,967,DFW,DEN,1745,143,641,-4
2024-02-18,2,18,7,B6,968,ORD,ATL,2030,129,606,46
2024-05-09,5,9,4,AA,969,JFK,LAX,1615,380,2475,2
2024-04-01,4,1,1,AA,970,BOS,MIA,1915,187,1258,0
2024-09-28,9,28,6,AS,971,IAH,LAS,615,200,1220,0
2024-07-03,7,3,3,B6,972,IAH,LAS,1330,198,1220,49
2024-09-08,9,8,7,UA,973,LAX,ORD,1900,246,1745,100
2024-04-27,4,27,6,UA,974,JFK,LAX,1945,353,2475,-5
2024-08-14,8,14,3,F9,975,JFK,LAX,1945,353,2475,5
2024-06-27,6,27,4,UA,976,ORD,ATL,1030,128,606,-5
2024-01-03,1,3,3,WN,977,BOS,MIA,715,209,1258,3
2024-02-18,2,18,7,F9,978,EWR,MCO,845,166,937,103
2024-03-19,3,19,2,DL,979,LAX,ORD,1930,259,1745,5
2024-01-23,1,23,2,AA,980,LAX,ORD,915,267,1745,0
2024-05-24,5,24,5,AA,981,EWR,MCO,2245,157,937,25
2024-04-01,4,1,1,NK,982,MIA,BOS,700,212,1258,2
2024-07-17,7,17,3,WN,983,DFW,DEN,900,129,641,10
2024-06-07,6,7,5,F9,984,ATL,JFK,830,141,760,1
2024-08-16,8,16,5,WN,985,DEN,PHX,1800,124,602,8
2024-11-10,11,10,7,NK,986,LAX,ORD,630,254,1745,-8
2024-12-17,12,17,2,WN,987,EWR,MCO,2100,164,937,6
2024-02-10,2,10,6,F9,988,ATL,JFK,930,151,760,-6
2024-08-06,8,6,2,WN,989,SEA,SFO,600,121,679,25
2024-02-18,2,18,7,NK,990,ATL,JFK,1630,143,760,-2
2024-01-09,1,9,2,DL,991,SEA,SFO,1045,106,679,-5
2024-12-26,12,26,4,DL,992,ATL,JFK,1930,135,760,4
2024-04-04,4,4,4,UA,993,SFO,SEA,845,122,679,-2
2024-07-21,7,21,7,AA,994,JFK,LAX,1945,377,2475,77
2024-11-12,11,12,2,F9,995,MIA,BOS,1400,189,1258,2
2024-04-07,4,7,7,UA,996,JFK,LAX,515,365,2475,40
2024-05-03,5,3,5,UA,997,EWR,MCO,1100,164,937,7
2024-08-30,8,30,5,F9,998,DFW,DEN,1945,135,641,35
2024-10-26,10,26,6,AA,999,DEN,PHX,630,100,602,2
2024-08-09,8,9,5,DL,100,EWR,MCO,2230,156,937,8
2024-09-05,9,5,4,F9,101,ATL,JFK,1200,141,760,5
2024-10-22,10,22,2,AA,102,ATL,JFK,1845,128,760,98
2024-11-26,11,26,2,F9,103,BOS,MIA,1030,208,1258,-10
2024-06-25,6,25,2,WN,104,DEN,PHX,1545,104,602,8
2024-12-30,12,30,1,B6,105,IAH,LAS,1645,210,1220,10
2024-04-16,4,16,2,UA,106,BOS,MIA,915,191,1258,5
2024-09-08,9,8,7,UA,107,BOS,MIA,1415,191,1258,5
2024-07-02,7,2,2,AA,108,JFK,LAX,1000,375,2475,-5
2024-08-08,8,8,4,DL,109,LAX,ORD,1245,248,1745,7
2024-01-24,1,24,3,AS,110,LAX,ORD,2100,262,1745,-6
2024-08-22,8,22,4,AA,111,DEN,PHX,800,116,602,-7
2024-11-18,11,18,1,DL,112,DFW,DEN,1030,142,641,1
2024-09-12,9,12,4,F9,113,SEA,SFO,1630,131,679,98
2024-04-13,4,13,6,UA,114,ORD,ATL,1245,120,606,-10
2024-03-28,3,28,4,B6,115,SEA,SFO,1615,109,679,3
2024-03-11,3,11,1,NK,116,SFO,SEA,1930,135,679,3
2024-03-15,3,15,5,AA,117,DEN,PHX,700,110,602,6
2024-03-25,3,25,1,AS,118,ATL,JFK,900,145,760,-9
2024-07-24,7,24,3,B6,119,ATL,JFK,1530,125,760,-1
2024-11-08,11,8,5,B6,120,SEA,SFO,1145,127,679,4
2024-07-26,7,26,5,AS,121,EWR,MCO,630,167,937,-8
2024-10-03,10,3,4,UA,122,SEA,SFO,1430,129,679,86
2024-01-15,1,15,1,UA,123,JFK,LAX,1230,373,2475,-2
2024-02-26,2,26,1,NK,124,SEA,SFO,2130,108,679,-2
2024-03-04,3,4,1,AA,125,EWR,MCO,1930,162,937,-10
2024-06-02,6,2,7,WN,126,LAX,ORD,945,256,1745,8
2024-06-16,6,16,7,WN,127,ORD,ATL,1645,113,606,115
2024-08-05,8,5,1,UA,128,IAH,LAS,1815,200,1220,23
2024-02-09,2,9,5,WN,129,DEN,PHX,2245,127,602,8
2024-09-12,9,12,4,B6,130,BOS,MIA,1815,189,1258,5
2024-12-30,12,30,1,UA,131,DEN,PHX,2100,122,602,6
2024-08-30,8,30,5,WN,132,DEN,PHX,1600,119,602,7
2024-03-02,3,2,6,NK,133,ORD,ATL,900,121,606,82
2024-06-04,6,4,2,B6,134,LAX,ORD,945,241,1745,34
2024-04-20,4,20,6,B6,135,MIA,BOS,830,187,1258,-10
2024-09-03,9,3,2,AA,136,ATL,JFK,1745,151,760,0
2024-09-15,9,15,7,UA,137,DFW,DEN,930,122,641,4
2024-04-29,4,29,1,NK,138,ATL,JFK,1930,145,760,-9
2024-12-28,12,28,6,DL,139,DFW,DEN,2200,140,641,-1
2024-11-12,11,12,2,DL,140,SFO,SEA,2115,129,679,8
2024-01-10,1,10,3,F9,141,SEA,SFO,530,130,679,-5
2024-12-27,12,27,5,WN,142,SFO,SEA,2230,117,679,-8
2024-01-12,1,12,5,AA,143,DEN,PHX,2130,112,602,-10
2024-02-28,2,28,3,B6,144,ORD,ATL,915,118,606,-1
2024-06-06,6,6,4,DL,145,DFW,DEN,1515,120,641,-9
2024-07-18,7,18,4,AA,146,MIA,BOS,1345,215,1258,0
2024-04-13,4,13,6,DL,147,JFK,LAX,2045,380,2475,-3
2024-02-01,2,1,4,DL,148,MIA,BOS,2000,198,1258,-8
2024-05-17,5,17,5,WN,149,JFK,LAX,1215,359,2475,-7
2024-02-12,2,12,1,NK,150,DEN,PHX,1615,125,602,-6
2024-08-04,8,4,7,WN,151,SEA,SFO,545,135,679,-9
2024-03-26,3,26,2,B6,152,EWR,MCO,1330,181,937,5
2024-11-19,11,19,2,NK,153,LAX,ORD,615,263,1745,-1
2024-02-15,2,15,4,DL,154,MIA,BOS,2230,213,1258,33
2024-11-08,11,8,5,NK,155,SFO,SEA,1345,113,679,0
2024-06-13,6,13,4,WN,156,EWR,MCO,1500,184,937,9
2024-01-02,1,2,2,UA,157,EWR,MCO,1045,172,937,17
2024-10-02,10,2,3,F9,158,ATL,JFK,700,153,760,10
2024-03-04,3,4,1,F9,159,EWR,MCO,1645,160,937,9
2024-08-24,8,24,6,AA,160,ORD,ATL,1200,134,606,17
2024-12-29,12,29,7,B6,161,EWR,MCO,1415,162,937,94
2024-01-19,1,19,5,F9,162,LAX,ORD,1100,246,1745,9
2024-05-22,5,22,3,NK,163,ORD,ATL,1115,112,606,7
2024-02-03,2,3,6,UA,164,IAH,LAS,2130,191,1220,-3
2024-12-13,12,13,5,AA,165,IAH,LAS,1900,215,1220,87
2024-12-10,12,10,2,NK,166,EWR,MCO,1845,163,937,57
2024-09-22,9,22,7,DL,167,EWR,MCO,1200,163,937,-9
2024-08-17,8,17,6,NK,168,SEA,SFO,700,128,679,0
2024-08-04,8,4,7,WN,169,IAH,LAS,1030,194,1220,-4
2024-11-16,11,16,6,DL,170,EWR,MCO,1530,162,937,-10
2024-05-02,5,2,4,DL,171,DEN,PHX,2115,130,602,0
2024-11-13,11,13,3,DL,172,BOS,MIA,800,186,1258,73
2024-06-09,6,9,7,AA,173,ATL,JFK,645,126,760,-6
2024-11-16,11,16,6,B6,174,BOS,MIA,2200,194,1258,23
2024-02-19,2,19,1,NK,175,ATL,JFK,545,137,760,9
2024-11-13,11,13,3,F9,176,ATL,JFK,1930,143,760,-10
2024-02-22,2,22,4,WN,177,ORD,ATL,1115,130,606,8
2024-08-03,8,3,6,B6,178,LAX,ORD,1215,265,1745,-5
2024-03-06,3,6,3,AA,179,JFK,LAX,1630,368,2475,10
2024-08-28,8,28,3,UA,180,DFW,DEN,515,121,641,1
2024-10-13,10,13,7,WN,181,SEA,SFO,1115,130,679,-4
2024-04-06,4,6,6,DL,182,LAX,ORD,1530,259,1745,4
2024-06-17,6,17,1,B6,183,ATL,JFK,2015,154,760,-9
2024-04-24,4,24,3,AA,184,EWR,MCO,1245,178,937,-4
2024-07-11,7,11,4,AS,185,IAH,LAS,1600,187,1220,16
2024-10-11,10,11,5,AS,186,JFK,LAX,1600,350,2475,-4
2024-05-25,5,25,6,WN,187,SFO,SEA,1515,110,679,-5
2024-03-31,3,31,7,WN,188,JFK,LAX,945,370,2475,-10
2024-04-17,4,17,3,DL,189,LAX,ORD,1045,268,1745,1
2024-03-14,3,14,4,DL,190,ORD,ATL,1145,132,606,40
2024-11-02,11,2,6,AS,191,LAX,ORD,1130,265,1745,-9
2024-05-06,5,6,1,UA,192,LAX,ORD,2145,246,1745,-6
2024-12-05,12,5,4,DL,193,DEN,PHX,2130,115,602,65
2024-06-13,6,13,4,F9,194,DFW,DEN,2045,128,641,5
2024-10-25,10,25,5,NK,195,EWR,MCO,1915,167,937,41
2024-08-05,8,5,1,WN,196,MIA,BOS,1300,189,1258,1
2024-08-15,8,15,4,DL,197,MIA,BOS,1930,198,1258,-9
2024-08-09,8,9,5,F9,198,DEN,PHX,1345,100,602,0
2024-04-29,4,29,1,UA,199,DEN,PHX,1400,125,602,26
2024-02-20,2,20,2,B6,200,SFO,SEA,1130,111,679,7
2024-06-03,6,3,1,AS,201,MIA,BOS,1115,212,1258,-2
2024-06-02,6,2,7,B6,202,JFK,LAX,1700,365,2475,2
2024-04-26,4,26,5,UA,203,ATL,JFK,1245,148,760,5
2024-02-13,2,13,2,F9,204,LAX,ORD,1145,254,1745,3
2024-03-12,3,12,2,AA,205,LAX,ORD,545,265,1745,110
2024-04-25,4,25,4,AS,206,LAX,ORD,2230,250,1745,2
2024-01-17,1,17,3,AA,207,BOS,MIA,1745,191,1258,58
2024-09-30,9,30,1,NK,208,ORD,ATL,1930,112,606,0
2024-12-11,12,11,3,UA,209,ORD,ATL,2000,115,606,104
2024-07-16,7,16,2,WN,210,ORD,ATL,2100,124,606,100
2024-09-22,9,22,7,AA,211,LAX,ORD,1715,243,1745,3
2024-08-02,8,2,5,UA,212,SEA,SFO,915,114,679,42
2024-12-06,12,6,5,NK,213,IAH,LAS,1145,193,1220,-1
2024-03-14,3,14,4,WN,214,JFK,LAX,1230,379,2475,9
2024-08-24,8,24,6,F9,215,DEN,PHX,1930,122,602,-1
2024-11-09,11,9,6,B6,216,ATL,JFK,1215,153,760,3
2024-07-15,7,15,1,NK,217,DEN,PHX,845,122,602,88
2024-03-21,3,21,4,AA,218,SFO,SEA,715,134,679,-1
2024-10-10,10,10,4,F9,219,ATL,JFK,2130,138,760,-7
2024-05-09,5,9,4,F9,220,DFW,DEN,745,132,641,19
2024-07-23,7,23,2,AS,221,IAH,LAS,1300,207,1220,-10
2024-12-09,12,9,1,UA,222,LAX,ORD,715,262,1745,-8
2024-08-29,8,29,4,F9,223,DFW,DEN,500,125,641,-5
2024-09-30,9,30,1,B6,224,ORD,ATL,530,114,606,101
2024-04-01,4,1,1,F9,225,LAX,ORD,2215,254,1745,102
2024-09-24,9,24,2,AA,226,EWR,MCO,1730,169,937,-7
2024-01-03,1,3,3,AA,227,BOS,MIA,1230,214,1258,-4
2024-02-16,2,16,5,WN,228,SFO,SEA,1515,126,679,17
2024-02-19,2,19,1,DL,229,SFO,SEA,1000,118,679,-5
2024-06-14,6,14,5,DL,230,LAX,ORD,2245,270,1745,-4
2024-04-28,4,28,7,NK,231,ORD,ATL,545,130,606,-5
2024-07-18,7,18,4,AS,232,JFK,LAX,1600,352,2475,-2
2024-06-03,6,3,1,WN,233,ATL,JFK,2215,133,760,-7
2024-06-15,6,15,6,DL,234,BOS,MIA,1515,205,1258,-6
2024-09-03,9,3,2,AS,235,EWR,MCO,1945,171,937,90
2024-10-27,10,27,7,WN,236,SEA,SFO,830,112,679,18
2024-11-13,11,13,3,NK,237,SFO,SEA,1415,109,679,79
2024-11-24,11,24,7,NK,238,SFO,SEA,1930,109,679,9
2024-11-25,11,25,1,B6,239,LAX,ORD,1830,264,1745,117
2024-06-18,6,18,2,AA,240,SFO,SEA,1215,124,679,-9
2024-06-13,6,13,4,NK,241,SEA,SFO,2000,135,679,-8
2024-11-20,11,20,3,WN,242,JFK,LAX,715,368,2475,-6
2024-09-16,9,16,1,WN,243,SFO,SEA,1015,112,679,-1
2024-11-06,11,6,3,NK,244,DFW,DEN,1130,147,641,4
2024-07-03,7,3,3,F9,245,ORD,ATL,1845,134,606,72
2024-01-11,1,11,4,UA,246,DEN,PHX,1415,117,602,-8
2024-07-13,7,13,6,UA,247,MIA,BOS,2245,187,1258,2
2024-08-28,8,28,3,AS,248,DFW,DEN,530,135,641,-10
2024-07-21,7,21,7,NK,249,ATL,JFK,1400,138,760,5
2024-07-16,7,16,2,AA,250,ORD,ATL,1830,134,606,113
2024-12-29,12,29,7,AS,251,SEA,SFO,1745,128,679,-9
2024-09-01,9,1,7,WN,252,SFO,SEA,515,113,679,10
2024-03-16,3,16,6,F9,253,EWR,MCO,500,179,937,-5
2024-12-30,12,30,1,DL,254,EWR,MCO,715,183,937,8
2024-08-06,8,6,2,NK,255,DFW,DEN,1730,143,641,7
2024-02-15,2,15,4,NK,256,IAH,LAS,930,208,1220,1
2024-07-22,7,22,1,WN,257,IAH,LAS,2000,188,1220,37
2024-08-01,8,1,4,DL,258,IAH,LAS,1015,196,1220,3
2024-03-09,3,9,6,UA,259,IAH,LAS,1915,190,1220,30
2024-04-03,4,3,3,WN,260,JFK,LAX,1900,377,2475,68
2024-05-30,5,30,4,UA,261,ORD,ATL,1500,128,606,24
2024-09-05,9,5,4,WN,262,DEN,PHX,1300,121,602,23
2024-04-18,4,18,4,AA,263,ORD,ATL,2130,139,606,93
2024-06-21,6,21,5,F9,264,DEN,PHX,1515,130,602,0
2024-07-23,7,23,2,AS,265,EWR,MCO,1500,155,937,61
2024-07-24,7,24,3,F9,266,IAH,LAS,500,212,1220,-6
2024-05-07,5,7,2,B6,267,IAH,LAS,2145,206,1220,5
2024-11-22,11,22,5,WN,268,JFK,LAX,1600,375,2475,-10
2024-08-15,8,15,4,AS,269,EWR,MCO,730,168,937,9
2024-12-24,12,24,2,F9,270,EWR,MCO,1115,182,937,-1
2024-09-11,9,11,3,AA,271,DFW,DEN,1915,148,641,7
2024-09-03,9,3,2,F9,272,ORD,ATL,1000,113,606,43
2024-01-15,1,15,1,NK,273,IAH,LAS,1315,208,1220,2
2024-08-31,8,31,6,B6,274,EWR,MCO,2245,157,937,-6
2024-10-21,10,21,1,AS,275,SFO,SEA,1545,134,679,10
2024-11-24,11,24,7,NK,276,EWR,MCO,1215,163,937,3
2024-02-14,2,14,3,DL,277,MIA,BOS,1100,203,1258,8
2024-06-09,6,9,7,AS,278,DFW,DEN,1400,138,641,-10
2024-08-04,8,4,7,WN,279,ATL,JFK,2115,128,760,-6
2024-10-02,10,2,3,NK,280,JFK,LAX,1245,371,2475,-1
2024-11-03,11,3,7,F9,281,DFW,DEN,1530,136,641,-9
2024-12-27,12,27,5,DL,282,MIA,BOS,2030,207,1258,-4
2024-06-19,6,19,3,NK,283,JFK,LAX,615,377,2475,-3
2024-07-19,7,19,5,F9,284,IAH,LAS,545,195,1220,-5
2024-08-30,8,30,5,NK,285,EWR,MCO,730,164,937,2
2024-10-07,10,7,1,WN,286,IAH,LAS,630,199,1220,112
2024-03-11,3,11,1,UA,287,BOS,MIA,1115,210,1258,-6
2024-11-29,11,29,5,WN,288,IAH,LAS,815,197,1220,8
2024-03-27,3,27,3,NK,289,EWR,MCO,1000,158,937,76
2024-08-10,8,10,6,AS,290,BOS,MIA,1200,188,1258,2
2024-09-07,9,7,6,WN,291,ATL,JFK,1700,149,760,-5
2024-07-14,7,14,7,F9,292,EWR,MCO,500,158,937,1
2024-09-07,9,7,6,DL,293,ORD,ATL,545,118,606,-3
2024-04-02,4,2,2,DL,294,BOS,MIA,1415,188,1258,3
2024-10-02,10,2,3,AS,295,ORD,ATL,1745,112,606,-10
2024-12-03,12,3,2,DL,296,SFO,SEA,1000,122,679,92
2024-03-03,3,3,7,F9,297,LAX,ORD,1000,257,1745,10
2024-02-13,2,13,2,B6,298,JFK,LAX,2215,363,2475,1
2024-06-02,6,2,7,AA,299,SFO,SEA,2245,109,679,-1
2024-06-09,6,9,7,F9,300,IAH,LAS,2215,207,1220,1
2024-01-23,1,23,2,DL,301,EWR,MCO,1115,174,937,54
2024-07-02,7,2,2,WN,302,BOS,MIA,730,193,1258,3
2024-03-24,3,24,7,NK,303,EWR,MCO,1815,172,937,48
2024-11-18,11,18,1,WN,304,ORD,ATL,1130,128,606,10
2024-03-19,3,19,2,UA,305,ATL,JFK,515,127,760,2
2024-09-29,9,29,7,B6,306,ORD,ATL,1500,121,606,-8
2024-03-15,3,15,5,AS,307,MIA,BOS,845,192,1258,-10
2024-03-04,3,4,1,NK,308,ORD,ATL,2000,126,606,-1
2024-10-19,10,19,6,AS,309,IAH,LAS,800,190,1220,9
2024-04-02,4,2,2,AS,310,ATL,JFK,2245,140,760,7
2024-01-05,1,5,5,UA,311,MIA,BOS,945,203,1258,-6
2024-11-23,11,23,6,B6,312,JFK,LAX,1845,355,2475,-3
2024-08-27,8,27,2,F9,313,LAX,ORD,2115,249,1745,3
2024-07-27,7,27,6,DL,314,MIA,BOS,700,208,1258,10
2024-03-25,3,25,1,WN,315,ORD,ATL,2245,135,606,52
2024-12-12,12,12,4,AA,316,ATL,JFK,2000,137,760,5
2024-04-07,4,7,7,AA,317,BOS,MIA,2230,192,1258,3
2024-08-17,8,17,6,AA,318,BOS,MIA,1215,187,1258,6
2024-09-20,9,20,5,AS,319,DFW,DEN,1715,131,641,79
2024-12-13,12,13,5,DL,320,LAX,ORD,1430,255,1745,-7
2024-04-19,4,19,5,B6,321,MIA,BOS,1130,214,1258,2
2024-11-12,11,12,2,AA,322,DEN,PHX,1930,109,602,16
2024-01-03,1,3,3,AS,323,ORD,ATL,1600,113,606,2
2024-04-11,4,11,4,NK,324,DEN,PHX,1800,129,602,-6
2024-03-20,3,20,3,F9,325,JFK,LAX,1730,359,2475,5
2024-04-03,4,3,3,AS,326,ATL,JFK,1915,129,760,4
2024-08-10,8,10,6,AS,327,IAH,LAS,815,194,1220,-4
2024-07-21,7,21,7,AA,328,DFW,DEN,1015,150,641,-9
2024-05-16,5,16,4,F9,329,EWR,MCO,930,179,937,5
2024-07-18,7,18,4,NK,330,SEA,SFO,915,116,679,-10
2024-05-01,5,1,3,AA,331,EWR,MCO,545,170,937,3
2024-09-05,9,5,4,B6,332,MIA,BOS,915,192,1258,9
2024-05-14,5,14,2,B6,333,ORD,ATL,1145,132,606,70
2024-09-14,9,14,6,DL,334,IAH,LAS,915,188,1220,91
2024-01-20,1,20,6,UA,335,ATL,JFK,1800,144,760,-6
2024-01-27,1,27,6,WN,336,ORD,ATL,1215,120,606,10
2024-02-01,2,1,4,NK,337,DEN,PHX,830,111,602,-1
2024-12-30,12,30,1,B6,338,LAX,ORD,1000,240,1745,-9
2024-06-13,6,13,4,AA,339,EWR,MCO,845,160,937,9
2024-07-05,7,5,5,B6,340,DEN,PHX,515,110,602,101
2024-07-04,7,4,4,AS,341,IAH,LAS,1615,205,1220,9
2024-10-26,10,26,6,B6,342,SFO,SEA,800,123,679,-6
2024-12-26,12,26,4,WN,343,SFO,SEA,1530,128,679,85
2024-09-30,9,30,1,F9,344,SFO,SEA,1830,133,679,40
2024-08-17,8,17,6,AS,345,LAX,ORD,745,253,1745,71
2024-11-02,11,2,6,AA,346,DFW,DEN,600,145,641,-1
2024-07-22,7,22,1,WN,347,IAH,LAS,715,199,1220,6
2024-07-18,7,18,4,NK,348,SEA,SFO,515,123,679,-5
2024-12-22,12,22,7,WN,349,BOS,MIA,1930,194,1258,6
2024-12-28,12,28,6,WN,350,MIA,BOS,615,194,1258,44
2024-03-16,3,16,6,AA,351,EWR,MCO,1300,175,937,33
2024-09-30,9,30,1,WN,352,SFO,SEA,1630,107,679,10
2024-03-09,3,9,6,B6,353,IAH,LAS,600,211,1220,0
2024-05-23,5,23,4,AS,354,SFO,SEA,845,135,679,7
2024-11-20,11,20,3,B6,355,EWR,MCO,1230,163,937,72
2024-11-18,11,18,1,WN,356,BOS,MIA,1915,208,1258,-6
2024-03-16,3,16,6,NK,357,LAX,ORD,1915,266,1745,39
2024-10-18,10,18,5,UA,358,SFO,SEA,1400,114,679,10
2024-07-20,7,20,6,UA,359,DFW,DEN,745,127,641,34
2024-07-25,7,25,4,F9,360,EWR,MCO,845,167,937,-10
2024-01-07,1,7,7,AA,361,ORD,ATL,915,134,606,-9
2024-03-14,3,14,4,DL,362,MIA,BOS,830,212,1258,-10
2024-03-12,3,12,2,DL,363,SFO,SEA,1030,115,679,4
2024-05-04,5,4,6,F9,364,DFW,DEN,2200,120,641,10
2024-10-05,10,5,6,AA,365,ORD,ATL,900,139,606,3
2024-04-26,4,26,5,WN,366,JFK,LAX,1415,379,2475,99
2024-02-27,2,27,2,NK,367,EWR,MCO,830,166,937,-3
2024-06-19,6,19,3,DL,368,BOS,MIA,615,190,1258,-8
2024-06-20,6,20,4,NK,369,SEA,SFO,1430,116,679,-6
2024-09-12,9,12,4,DL,370,MIA,BOS,515,209,1258,-8
2024-03-16,3,16,6,UA,371,LAX,ORD,700,258,1745,5
2024-05-22,5,22,3,NK,372,IAH,LAS,1045,196,1220,-6
2024-08-05,8,5,1,AS,373,DEN,PHX,1515,125,602,9
2024-08-02,8,2,5,WN,374,ATL,JFK,2215,137,760,5
2024-08-03,8,3,6,DL,375,BOS,MIA,715,196,1258,-3
2024-01-09,1,9,2,AA,376,SFO,SEA,800,134,679,-6
2024-03-12,3,12,2,AS,377,LAX,ORD,1815,246,1745,86
2024-03-11,3,11,1,WN,378,JFK,LAX,1700,372,2475,-6
2024-01-28,1,28,7,NK,379,LAX,ORD,2015,240,1745,-8
2024-03-13,3,13,3,UA,380,LAX,ORD,1815,264,1745,88
2024-03-12,3,12,2,UA,381,DEN,PHX,2045,123,602,-1
2024-11-26,11,26,2,AS,382,DEN,PHX,600,119,602,-6
2024-03-23,3,23,6,UA,383,SEA,SFO,2230,134,679,4
2024-04-26,4,26,5,B6,384,IAH,LAS,2145,215,1220,27
2024-04-18,4,18,4,UA,385,IAH,LAS,1000,211,1220,66
2024-06-09,6,9,7,F9,386,DEN,PHX,1000,125,602,2
2024-08-05,8,5,1,AS,387,EWR,MCO,1630,155,937,25
2024-03-24,3,24,7,WN,388,MIA,BOS,530,191,1258,92
2024-01-17,1,17,3,WN,389,EWR,MCO,645,156,937,88
2024-02-17,2,17,6,AA,390,LAX,ORD,1445,256,1745,61
2024-07-19,7,19,5,WN,391,LAX,ORD,1545,268,1745,-7
2024-03-17,3,17,7,DL,392,SEA,SFO,630,110,679,5
2024-08-25,8,25,7,UA,393,EWR,MCO,1115,179,937,-3
2024-09-21,9,21,6,UA,394,SEA,SFO,1545,130,679,6
2024-05-28,5,28,2,UA,395,LAX,ORD,645,247,1745,3
2024-11-06,11,6,3,WN,396,BOS,MIA,2000,210,1258,10
2024-06-07,6,7,5,AA,397,DFW,DEN,2000,134,641,-8
2024-05-31,5,31,5,AS,398,DFW,DEN,1600,122,641,1
2024-08-23,8,23,5,UA,399,IAH,LAS,1915,215,1220,-2
2024-09-06,9,6,5,DL,400,BOS,MIA,1815,199,1258,2
2024-11-15,11,15,5,AS,401,SEA,SFO,2145,113,679,3
2024-11-25,11,25,1,AA,402,BOS,MIA,515,212,1258,7
2024-07-11,7,11,4,DL,403,MIA,BOS,1245,212,1258,-8
2024-02-17,2,17,6,F9,404,EWR,MCO,1900,157,937,7
2024-02-25,2,25,7,UA,405,IAH,LAS,1145,195,1220,3
2024-06-24,6,24,1,DL,406,LAX,ORD,830,254,1745,5
2024-03-20,3,20,3,AA,407,SEA,SFO,1500,124,679,43
2024-07-04,7,4,4,NK,408,JFK,LAX,615,377,2475,-4
2024-08-04,8,4,7,AA,409,EWR,MCO,900,163,937,-8
2024-06-01,6,1,6,NK,410,ORD,ATL,2115,131,606,3
2024-01-28,1,28,7,B6,411,DFW,DEN,1415,126,641,0
2024-09-03,9,3,2,AS,412,ATL,JFK,1830,154,760,-5
2024-10-14,10,14,1,NK,413,JFK,LAX,930,371,2475,-8
2024-03-18,3,18,1,AS,414,JFK,LAX,1500,375,2475,5
2024-09-23,9,23,1,NK,415,MIA,BOS,1900,186,1258,-6
2024-04-06,4,6,6,WN,416,IAH,LAS,1715,196,1220,-5
2024-12-13,12,13,5,WN,417,SFO,SEA,1600,114,679,120
2024-03-04,3,4,1,B6,418,SEA,SFO,1845,116,679,4
2024-08-06,8,6,2,AS,419,SEA,SFO,1045,118,679,-7
2024-10-10,10,10,4,AS,420,DFW,DEN,1445,140,641,2
2024-11-13,11,13,3,B6,421,IAH,LAS,700,187,1220,-7
2024-07-29,7,29,1,AA,422,BOS,MIA,2200,205,1258,9
2024-10-24,10,24,4,F9,423,SEA,SFO,1115,129,679,3
2024-07-14,7,14,7,F9,424,SEA,SFO,1645,118,679,-7
2024-07-10,7,10,3,NK,425,JFK,LAX,1330,376,2475,-2
2024-05-03,5,3,5,NK,426,EWR,MCO,500,159,937,-9
2024-11-03,11,3,7,AS,427,SEA,SFO,1815,122,679,8
2024-11-11,11,11,1,NK,428,SFO,SEA,1815,135,679,8
2024-03-29,3,29,5,NK,429,IAH,LAS,1815,188,1220,-5
2024-03-01,3,1,5,UA,430,SEA,SFO,1315,135,679,10
2024-02-17,2,17,6,AS,431,SFO,SEA,900,124,679,10
2024-07-14,7,14,7,DL,432,BOS,MIA,1615,192,1258,4
2024-04-09,4,9,2,WN,433,MIA,BOS,1300,193,1258,2
2024-11-17,11,17,7,DL,434,DFW,DEN,845,149,641,-7
2024-03-13,3,13,3,DL,435,ORD,ATL,745,137,606,-8
2024-07-19,7,19,5,AS,436,SFO,SEA,745,135,679,3
2024-12-17,12,17,2,DL,437,SFO,SEA,1915,110,679,10
2024-04-01,4,1,1,B6,438,JFK,LAX,830,361,2475,-9
2024-11-03,11,3,7,F9,439,BOS,MIA,1300,191,1258,110
2024-01-12,1,12,5,AA,440,SEA,SFO,1600,133,679,-4
2024-06-16,6,16,7,WN,441,JFK,LAX,930,358,2475,104
2024-02-17,2,17,6,F9,442,SFO,SEA,1945,118,679,-1
2024-05-08,5,8,3,NK,443,SFO,SEA,1700,123,679,-2
2024-04-15,4,15,1,B6,444,DFW,DEN,1830,146,641,4
2024-02-25,2,25,7,AS,445,BOS,MIA,1630,213,1258,8
2024-03-26,3,26,2,DL,446,DEN,PHX,1830,119,602,-2
2024-01-16,1,16,2,AS,447,ATL,JFK,1030,132,760,3
2024-12-02,12,2,1,DL,448,SFO,SEA,800,115,679,56
2024-06-17,6,17,1,AA,449,IAH,LAS,1200,197,1220,0
2024-04-18,4,18,4,B6,450,BOS,MIA,745,206,1258,51
2024-06-12,6,12,3,NK,451,LAX,ORD,2000,248,1745,79
2024-03-04,3,4,1,NK,452,ORD,ATL,1715,128,606,8
2024-01-10,1,10,3,AA,453,MIA,BOS,1930,189,1258,-10
2024-09-30,9,30,1,NK,454,JFK,LAX,500,365,2475,98
2024-06-03,6,3,1,DL,455,ATL,JFK,730,140,760,2
2024-06-01,6,1,6,AA,456,ATL,JFK,830,155,760,10
2024-04-24,4,24,3,DL,457,JFK,LAX,1545,357,2475,29
2024-04-07,4,7,7,UA,458,ORD,ATL,500,118,606,7
2024-01-25,1,25,4,AA,459,ORD,ATL,1730,132,606,58
2024-10-25,10,25,5,UA,460,DFW,DEN,1845,141,641,34
2024-09-27,9,27,5,DL,461,SEA,SFO,1330,129,679,5
2024-02-17,2,17,6,F9,462,SFO,SEA,1615,126,679,-8
2024-02-09,2,9,5,WN,463,IAH,LAS,515,199,1220,-4
2024-09-06,9,6,5,NK,464,SFO,SEA,2130,129,679,8
2024-08-20,8,20,2,B6,465,IAH,LAS,915,214,1220,-7
2024-08-19,8,19,1,AS,466,ATL,JFK,1100,133,760,2
2024-12-17,12,17,2,NK,467,DFW,DEN,815,134,641,10
2024-02-26,2,26,1,DL,468,IAH,LAS,1300,200,1220,-5
2024-05-15,5,15,3,F9,469,LAX,ORD,1815,244,1745,1
2024-08-08,8,8,4,NK,470,SEA,SFO,1600,106,679,50
2024-08-04,8,4,7,NK,471,IAH,LAS,1345,201,1220,38
2024-12-14,12,14,6,NK,472,ORD,ATL,1200,111,606,30
2024-05-16,5,16,4,AA,473,BOS,MIA,1245,197,1258,-2
2024-04-22,4,22,1,NK,474,ORD,ATL,2015,115,606,-2
2024-11-22,11,22,5,WN,475,LAX,ORD,815,256,1745,-10
2024-06-05,6,5,3,F9,476,IAH,LAS,1500,190,1220,-5
2024-08-21,8,21,3,UA,477,LAX,ORD,1830,240,1745,76
2024-02-09,2,9,5,UA,478,MIA,BOS,1645,203,1258,-10
2024-05-06,5,6,1,AA,479,DEN,PHX,1415,116,602,18
2024-02-18,2,18,7,UA,480,DFW,DEN,1945,143,641,0
2024-05-11,5,11,6,AS,481,SEA,SFO,530,114,679,4
2024-12-05,12,5,4,AS,482,SEA,SFO,2000,113,679,9
2024-07-29,7,29,1,AA,483,DFW,DEN,1645,120,641,-6
2024-12-22,12,22,7,WN,484,BOS,MIA,1145,205,1258,-8
2024-11-16,11,16,6,DL,485,MIA,BOS,2115,193,1258,4
2024-07-19,7,19,5,AS,486,LAX,ORD,1415,241,1745,-2
2024-03-03,3,3,7,AS,487,BOS,MIA,1400,185,1258,1
2024-03-16,3,16,6,F9,488,EWR,MCO,2215,164,937,53
2024-02-03,2,3,6,F9,489,MIA,BOS,1130,211,1258,21
2024-09-07,9,7,6,DL,490,JFK,LAX,630,354,2475,-10
2024-09-14,9,14,6,AS,491,MIA,BOS,730,189,1258,-6
2024-10-26,10,26,6,WN,492,ATL,JFK,2030,132,760,-9
2024-07-23,7,23,2,NK,493,ATL,JFK,1430,130,760,49
2024-06-14,6,14,5,NK,494,EWR,MCO,1130,159,937,114
2024-04-12,4,12,5,NK,495,SEA,SFO,1915,117,679,88
2024-03-11,3,11,1,NK,496,ORD,ATL,1645,121,606,6
2024-08-03,8,3,6,NK,497,DEN,PHX,545,102,602,7
2024-06-03,6,3,1,UA,498,BOS,MIA,930,186,1258,1
2024-07-25,7,25,4,NK,499,DFW,DEN,1900,122,641,6
2024-11-28,11,28,4,AA,500,MIA,BOS,2030,212,1258,-1
2024-10-26,10,26,6,AA,501,ORD,ATL,1115,127,606,-9
2024-04-24,4,24,3,F9,502,DFW,DEN,1430,143,641,-6
2024-11-15,11,15,5,AA,503,DEN,PHX,900,116,602,16
2024-04-14,4,14,7,DL,504,SFO,SEA,1945,106,679,80
2024-07-26,7,26,5,DL,505,MIA,BOS,2230,211,1258,-3
2024-11-11,11,11,1,F9,506,EWR,MCO,1015,181,937,18
2024-09-18,9,18,3,WN,507,DFW,DEN,2030,129,641,5
2024-09-09,9,9,1,DL,508,BOS,MIA,845,198,1258,2
2024-01-15,1,15,1,NK,509,DFW,DEN,530,121,641,65
2024-06-30,6,30,7,F9,510,JFK,LAX,1300,355,2475,4
2024-09-14,9,14,6,AS,511,SEA,SFO,1700,110,679,6
2024-12-01,12,1,7,UA,512,LAX,ORD,1330,269,1745,-6
2024-11-26,11,26,2,NK,513,ORD,ATL,1030,114,606,9
2024-10-24,10,24,4,AS,514,BOS,MIA,700,185,1258,2
2024-02-19,2,19,1,UA,515,SFO,SEA,1515,129,679,5
2024-03-30,3,30,6,WN,516,ORD,ATL,700,129,606,3
2024-01-20,1,20,6,B6,517,ORD,ATL,1600,139,606,113
2024-02-25,2,25,7,UA,518,LAX,ORD,2215,246,1745,10
2024-08-12,8,12,1,B6,519,DEN,PHX,1815,102,602,-5
2024-12-08,12,8,7,AA,520,EWR,MCO,530,179,937,33
2024-10-06,10,6,7,NK,521,BOS,MIA,2145,191,1258,10
2024-08-30,8,30,5,WN,522,BOS,MIA,900,199,1258,7
2024-07-11,7,11,4,NK,523,EWR,MCO,2130,158,937,-6
2024-04-28,4,28,7,DL,524,DEN,PHX,1230,129,602,-10
2024-12-26,12,26,4,B6,525,ATL,JFK,1400,142,760,-5
2024-11-08,11,8,5,WN,526,SEA,SFO,2200,123,679,-9
2024-11-30,11,30,6,F9,527,MIA,BOS,1130,213,1258,-2
2024-04-14,4,14,7,AA,528,DFW,DEN,1245,122,641,-9
2024-02-06,2,6,2,AA,529,LAX,ORD,745,270,1745,9
2024-01-22,1,22,1,UA,530,MIA,BOS,1645,200,1258,-3
2024-01-11,1,11,4,B6,531,SFO,SEA,1145,126,679,116
2024-09-03,9,3,2,AA,532,SEA,SFO,1845,122,679,-6
2024-08-12,8,12,1,UA,533,ORD,ATL,1615,120,606,1
2024-05-01,5,1,3,NK,534,JFK,LAX,1800,375,2475,-3
2024-05-07,5,7,2,AA,535,IAH,LAS,1915,194,1220,32
2024-06-28,6,28,5,AA,536,LAX,ORD,945,255,1745,-1
2024-02-09,2,9,5,DL,537,EWR,MCO,2030,183,937,-4
2024-06-03,6,3,1,WN,538,DEN,PHX,1230,110,602,-1
2024-06-26,6,26,3,DL,539,JFK,LAX,2030,352,2475,9
2024-09-23,9,23,1,WN,540,DFW,DEN,830,143,641,-4
2024-04-30,4,30,2,UA,541,JFK,LAX,800,365,2475,4
2024-05-22,5,22,3,AA,542,MIA,BOS,630,212,1258,-8
2024-01-10,1,10,3,NK,543,DEN,PHX,1215,112,602,-9
2024-08-08,8,8,4,UA,544,EWR,MCO,2230,184,937,-9
2024-06-21,6,21,5,AA,545,BOS,MIA,1100,195,1258,8
2024-01-30,1,30,2,NK,546,ATL,JFK,2245,138,760,-1
2024-07-14,7,14,7,B6,547,DFW,DEN,900,128,641,-3
2024-05-07,5,7,2,B6,548,ORD,ATL,1700,129,606,89
2024-05-17,5,17,5,B6,549,LAX,ORD,500,249,1745,9
2024-04-01,4,1,1,AS,550,MIA,BOS,1900,215,1258,17
2024-11-22,11,22,5,AS,551,DEN,PHX,730,128,602,-9
2024-08-13,8,13,2,AS,552,ORD,ATL,1345,114,606,-2
2024-03-30,3,30,6,WN,553,EWR,MCO,1200,175,937,-9
2024-12-16,12,16,1,AA,554,DFW,DEN,615,121,641,0
2024-01-09,1,9,2,B6,555,MIA,BOS,2200,204,1258,1
2024-02-25,2,25,7,WN,556,LAX,ORD,715,246,1745,6
2024-07-09,7,9,2,AS,557,BOS,MIA,1830,189,1258,-8
2024-11-06,11,6,3,AA,558,LAX,ORD,1645,270,1745,3
2024-01-16,1,16,2,B6,559,BOS,MIA,500,204,1258,35
2024-09-18,9,18,3,WN,560,LAX,ORD,1615,252,1745,8
2024-03-17,3,17,7,AA,561,EWR,MCO,715,173,937,-8
2024-03-03,3,3,7,NK,562,SEA,SFO,2045,115,679,-9
2024-10-21,10,21,1,B6,563,SFO,SEA,1615,119,679,-3
2024-02-29,2,29,4,AS,564,IAH,LAS,1600,196,1220,3
2024-11-30,11,30,6,DL,565,LAX,ORD,1215,269,1745,3
2024-12-11,12,11,3,WN,566,ATL,JFK,1430,135,760,49
2024-07-28,7,28,7,DL,567,ORD,ATL,2015,138,606,8
2024-01-08,1,8,1,UA,568,DEN,PHX,2000,104,602,7
2024-01-13,1,13,6,AA,569,ATL,JFK,2145,153,760,-6
2024-03-06,3,6,3,NK,570,LAX,ORD,830,268,1745,-1
2024-11-07,11,7,4,AS,571,BOS,MIA,730,215,1258,-9
2024-11-18,11,18,1,F9,572,ATL,JFK,2015,148,760,-1
2024-10-28,10,28,1,UA,573,IAH,LAS,900,203,1220,-8
2024-11-28,11,28,4,AS,574,EWR,MCO,2130,185,937,-5
2024-06-01,6,1,6,DL,575,SFO,SEA,2145,114,679,82
2024-06-12,6,12,3,AS,576,ATL,JFK,1145,141,760,-9
2024-11-11,11,11,1,B6,577,BOS,MIA,830,193,1258,-5
2024-04-24,4,24,3,F9,578,DEN,PHX,815,121,602,-2
2024-02-19,2,19,1,B6,579,DFW,DEN,500,150,641,-5
2024-09-07,9,7,6,WN,580,JFK,LAX,1445,373,2475,42
2024-03-05,3,5,2,F9,581,SEA,SFO,845,133,679,-7
2024-05-14,5,14,2,NK,582,DEN,PHX,830,125,602,51
2024-04-23,4,23,2,DL,583,IAH,LAS,1530,199,1220,6
2024-12-18,12,18,3,DL,584,IAH,LAS,830,191,1220,3
2024-11-17,11,17,7,AA,585,EWR,MCO,1215,163,937,64
2024-09-05,9,5,4,F9,586,DFW,DEN,915,140,641,-1
2024-04-19,4,19,5,DL,587,SEA,SFO,1115,106,679,87
2024-05-14,5,14,2,NK,588,IAH,LAS,1645,201,1220,-3
2024-04-28,4,28,7,UA,589,MIA,BOS,1730,202,1258,5
2024-02-19,2,19,1,F9,590,MIA,BOS,1845,195,1258,-1
2024-08-05,8,5,1,WN,591,EWR,MCO,830,177,937,0
2024-03-06,3,6,3,NK,592,IAH,LAS,1815,185,1220,5
2024-09-16,9,16,1,B6,593,MIA,BOS,630,193,1258,3
2024-07-19,7,19,5,AS,594,ATL,JFK,630,140,760,-2
2024-11-21,11,21,4,WN,595,LAX,ORD,1215,257,1745,3
2024-02-26,2,26,1,WN,596,EWR,MCO,900,185,937,0
2024-02-16,2,16,5,AA,597,ATL,JFK,2200,145,760,1
2024-04-17,4,17,3,AA,598,SEA,SFO,2245,132,679,-5
2024-03-23,3,23,6,WN,599,MIA,BOS,2215,215,1258,-4
2024-01-11,1,11,4,AA,600,JFK,LAX,1745,351,2475,6
2024-06-03,6,3,1,UA,601,MIA,BOS,630,208,1258,-3
2024-12-01,12,1,7,DL,602,ATL,JFK,700,127,760,-2
2024-01-08,1,8,1,NK,603,JFK,LAX,845,356,2475,-6
2024-08-05,8,5,1,B6,604,LAX,ORD,1915,243,1745,51
2024-10-22,10,22,2,B6,605,EWR,MCO,1245,172,937,-8
2024-05-25,5,25,6,B6,606,DEN,PHX,1700,115,602,-3
2024-10-06,10,6,7,NK,607,LAX,ORD,545,264,1745,8
2024-07-08,7,8,1,WN,608,DEN,PHX,1515,125,602,55
2024-10-14,10,14,1,DL,609,ORD,ATL,1200,114,606,5
2024-08-30,8,30,5,NK,610,BOS,MIA,645,193,1258,-3
2024-06-21,6,21,5,NK,611,MIA,BOS,1800,193,1258,104
2024-09-07,9,7,6,WN,612,SEA,SFO,1230,119,679,10
2024-10-11,10,11,5,F9,613,SEA,SFO,845,127,679,-8
2024-03-06,3,6,3,DL,614,ATL,JFK,815,131,760,111
2024-01-20,1,20,6,F9,615,ORD,ATL,2145,114,606,10
2024-01-05,1,5,5,NK,616,ATL,JFK,1330,144,760,-1
2024-11-28,11,28,4,AS,617,BOS,MIA,1630,200,1258,-4
2024-06-18,6,18,2,F9,618,SFO,SEA,1045,105,679,-6
2024-04-01,4,1,1,AS,619,ATL,JFK,1415,131,760,16
2024-08-22,8,22,4,DL,620,SEA,SFO,1000,116,679,75
2024-11-17,11,17,7,WN,621,LAX,ORD,1830,251,1745,-1
2024-10-14,10,14,1,NK,622,MIA,BOS,900,208,1258,-8
2024-04-01,4,1,1,WN,623,MIA,BOS,2145,195,1258,118
2024-11-11,11,11,1,B6,624,IAH,LAS,515,191,1220,-5
2024-03-16,3,16,6,DL,625,BOS,MIA,1500,213,1258,-10
2024-09-18,9,18,3,AA,626,DFW,DEN,1530,136,641,5
2024-10-13,10,13,7,DL,627,SFO,SEA,1630,131,679,5
2024-02-10,2,10,6,AS,628,SEA,SFO,1315,131,679,-5
2024-08-14,8,14,3,NK,629,SEA,SFO,2245,125,679,-7
2024-01-13,1,13,6,AS,630,DFW,DEN,1815,139,641,1
2024-07-10,7,10,3,WN,631,ATL,JFK,1145,136,760,-10
2024-10-27,10,27,7,WN,632,JFK,LAX,1300,369,2475,63
2024-11-27,11,27,3,B6,633,JFK,LAX,1330,370,2475,-9
2024-01-16,1,16,2,AA,634,BOS,MIA,1945,190,1258,9
2024-11-27,11,27,3,F9,635,IAH,LAS,1600,204,1220,-9
2024-03-31,3,31,7,UA,636,IAH,LAS,800,199,1220,69
2024-02-19,2,19,1,AA,637,LAX,ORD,530,266,1745,-4
2024-03-27,3,27,3,AS,638,IAH,LAS,2100,215,1220,1
2024-12-07,12,7,6,NK,639,ATL,JFK,2115,148,760,113
2024-03-29,3,29,5,B6,640,ORD,ATL,2145,115,606,41
2024-05-20,5,20,1,AA,641,MIA,BOS,745,187,1258,75
2024-04-03,4,3,3,DL,642,ORD,ATL,515,135,606,91
2024-11-22,11,22,5,AA,643,SFO,SEA,1230,131,679,108
2024-03-08,3,8,5,WN,644,IAH,LAS,1030,189,1220,-1
2024-04-25,4,25,4,AS,645,ATL,JFK,1030,133,760,-4
2024-02-17,2,17,6,F9,646,MIA,BOS,2145,211,1258,1
2024-10-26,10,26,6,UA,647,JFK,LAX,1830,370,2475,-4
2024-06-24,6,24,1,B6,648,SFO,SEA,715,113,679,-2
2024-05-13,5,13,1,WN,649,DEN,PHX,1045,104,602,100
2024-06-14,6,14,5,F9,650,BOS,MIA,630,207,1258,8
2024-07-02,7,2,2,DL,651,EWR,MCO,2030,165,937,69
2024-07-02,7,2,2,DL,652,DFW,DEN,545,145,641,-5
2024-10-21,10,21,1,F9,653,BOS,MIA,1230,208,1258,5
2024-06-21,6,21,5,AS,654,BOS,MIA,1200,198,1258,-9
2024-10-22,10,22,2,NK,655,MIA,BOS,1030,213,1258,81
2024-03-12,3,12,2,WN,656,BOS,MIA,730,210,1258,-9
2024-08-22,8,22,4,UA,657,LAX,ORD,1115,249,1745,-6
2024-04-04,4,4,4,B6,658,ORD,ATL,1215,131,606,27
2024-09-01,9,1,7,AS,659,JFK,LAX,1715,379,2475,86
2024-07-11,7,11,4,F9,660,EWR,MCO,1715,165,937,-7
2024-06-16,6,16,7,UA,661,ATL,JFK,1700,136,760,3
2024-10-27,10,27,7,F9,662,EWR,MCO,1230,166,937,-5
2024-01-01,1,1,1,AS,663,SEA,SFO,1215,120,679,-8
2024-04-18,4,18,4,WN,664,JFK,LAX,1045,354,2475,65
2024-07-17,7,17,3,B6,665,MIA,BOS,1815,190,1258,-2
2024-09-21,9,21,6,NK,666,EWR,MCO,1600,175,937,-8
2024-03-23,3,23,6,NK,667,JFK,LAX,1900,365,2475,2
2024-01-28,1,28,7,NK,668,ATL,JFK,845,141,760,10
2024-12-30,12,30,1,AS,669,DEN,PHX,815,113,602,1
2024-02-10,2,10,6,NK,670,EWR,MCO,1315,171,937,8
2024-01-25,1,25,4,F9,671,ATL,JFK,1930,126,760,78
2024-08-05,8,5,1,AS,672,MIA,BOS,2230,190,1258,-10
2024-08-01,8,1,4,B6,673,LAX,ORD,600,251,1745,10
2024-07-21,7,21,7,AA,674,SEA,SFO,915,125,679,28
2024-05-20,5,20,1,F9,675,ATL,JFK,1245,126,760,9
2024-07-09,7,9,2,DL,676,LAX,ORD,845,256,1745,10
2024-11-22,11,22,5,DL,677,LAX,ORD,1030,263,1745,-10
2024-02-29,2,29,4,DL,678,ATL,JFK,2115,147,760,-1
2024-10-20,10,20,7,AA,679,LAX,ORD,1315,248,1745,3
2024-07-23,7,23,2,AA,680,BOS,MIA,545,191,1258,-2
2024-12-02,12,2,1,AA,681,ATL,JFK,1500,132,760,9
2024-12-29,12,29,7,WN,682,JFK,LAX,1945,370,2475,52
2024-07-18,7,18,4,AS,683,SEA,SFO,1530,116,679,0
2024-08-24,8,24,6,F9,684,DFW,DEN,1045,128,641,7
2024-12-04,12,4,3,NK,685,JFK,LAX,2030,352,2475,10
2024-09-28,9,28,6,WN,686,IAH,LAS,1945,185,1220,0
2024-10-26,10,26,6,UA,687,BOS,MIA,1800,209,1258,3
2024-09-08,9,8,7,B6,688,SEA,SFO,945,124,679,7
2024-07-21,7,21,7,DL,689,ORD,ATL,1415,137,606,8
2024-07-24,7,24,3,UA,690,IAH,LAS,1830,195,1220,-4
2024-02-24,2,24,6,AS,691,EWR,MCO,1545,162,937,10
2024-08-25,8,25,7,NK,692,DEN,PHX,1045,109,602,-5
2024-06-20,6,20,4,AA,693,SEA,SFO,1745,118,679,-7
2024-11-21,11,21,4,NK,694,SFO,SEA,2100,124,679,9
2024-06-15,6,15,6,NK,695,JFK,LAX,2000,380,2475,96
2024-11-03,11,3,7,AS,696,JFK,LAX,2115,377,2475,7
2024-07-07,7,7,7,UA,697,DEN,PHX,1130,104,602,5
2024-01-16,1,16,2,B6,698,ORD,ATL,1915,135,606,-3
2024-09-13,9,13,5,UA,699,DEN,PHX,1015,114,602,0
2024-01-17,1,17,3,DL,700,JFK,LAX,2045,352,2475,6
2024-10-02,10,2,3,NK,701,MIA,BOS,2200,199,1258,10
2024-01-31,1,31,3,F9,702,IAH,LAS,1645,207,1220,-9
2024-03-04,3,4,1,F9,703,ATL,JFK,815,136,760,8
2024-06-22,6,22,6,NK,704,EWR,MCO,1130,158,937,77
2024-12-21,12,21,6,AS,705,EWR,MCO,1230,165,937,5
2024-08-15,8,15,4,B6,706,IAH,LAS,1300,209,1220,-2
2024-09-24,9,24,2,UA,707,DFW,DEN,1630,129,641,1
2024-11-20,11,20,3,UA,708,BOS,MIA,915,189,1258,-1
2024-05-11,5,11,6,B6,709,ATL,JFK,1415,143,760,43
2024-07-05,7,5,5,AA,710,MIA,BOS,1745,204,1258,6
2024-11-25,11,25,1,UA,711,LAX,ORD,2130,252,1745,0
2024-03-27,3,27,3,F9,712,EWR,MCO,1700,176,937,5
2024-04-25,4,25,4,DL,713,LAX,ORD,815,251,1745,-2
2024-10-18,10,18,5,F9,714,DEN,PHX,1215,111,602,6
2024-11-16,11,16,6,AA,715,ATL,JFK,1300,150,760,-8
2024-10-17,10,17,4,AA,716,DEN,PHX,1215,122,602,-5
2024-01-21,1,21,7,F9,717,DFW,DEN,715,143,641,-2
2024-09-24,9,24,2,DL,718,DFW,DEN,2045,123,641,-3
2024-11-20,11,20,3,AA,719,LAX,ORD,745,246,1745,4
2024-10-28,10,28,1,DL,720,SEA,SFO,545,132,679,8
2024-08-14,8,14,3,DL,721,IAH,LAS,1900,193,1220,119
2024-05-18,5,18,6,NK,722,BOS,MIA,2030,215,1258,80
2024-09-29,9,29,7,B6,723,MIA,BOS,2130,205,1258,7
2024-04-03,4,3,3,F9,724,ORD,ATL,2045,115,606,6
2024-08-09,8,9,5,UA,725,ORD,ATL,1515,116,606,72
2024-04-19,4,19,5,DL,726,SFO,SEA,2000,126,679,6
2024-04-17,4,17,3,B6,727,BOS,MIA,1145,210,1258,36
2024-11-08,11,8,5,UA,728,DFW,DEN,2045,144,641,6
2024-05-14,5,14,2,B6,729,SFO,SEA,1615,114,679,-1
2024-06-30,6,30,7,AS,730,IAH,LAS,1845,209,1220,-1
2024-07-25,7,25,4,NK,731,JFK,LAX,945,374,2475,10
2024-12-26,12,26,4,B6,732,JFK,LAX,1430,350,2475,-2
2024-07-14,7,14,7,AS,733,ATL,JFK,1145,152,760,-4
2024-02-08,2,8,4,B6,734,ORD,ATL,2000,134,606,5
2024-12-27,12,27,5,NK,735,IAH,LAS,1700,188,1220,9
2024-06-24,6,24,1,AA,736,EWR,MCO,845,159,937,-1
2024-07-30,7,30,2,DL,737,LAX,ORD,1415,257,1745,8
2024-05-05,5,5,7,DL,738,DEN,PHX,2230,122,602,-2
2024-02-04,2,4,7,AA,739,DFW,DEN,1645,143,641,0
2024-06-13,6,13,4,WN,740,DFW,DEN,1130,128,641,0
2024-03-02,3,2,6,AA,741,DFW,DEN,600,149,641,5
2024-10-16,10,16,3,AS,742,JFK,LAX,1545,359,2475,80
2024-02-04,2,4,7,AS,743,EWR,MCO,815,180,937,7
2024-08-27,8,27,2,DL,744,BOS,MIA,1830,199,1258,-8
2024-03-18,3,18,1,F9,745,IAH,LAS,1545,201,1220,98
2024-07-24,7,24,3,NK,746,JFK,LAX,500,357,2475,65
2024-03-18,3,18,1,AS,747,ATL,JFK,2245,145,760,0
2024-06-30,6,30,7,WN,748,BOS,MIA,915,209,1258,8
2024-06-06,6,6,4,UA,749,SFO,SEA,615,122,679,93
2024-06-16,6,16,7,AS,750,ORD,ATL,1130,115,606,-4
2024-04-29,4,29,1,NK,751,MIA,BOS,515,213,1258,61
2024-07-11,7,11,4,F9,752,ORD,ATL,1700,124,606,-4
2024-04-11,4,11,4,F9,753,ATL,JFK,715,141,760,-7
2024-04-17,4,17,3,DL,754,DFW,DEN,1630,133,641,9
2024-02-16,2,16,5,WN,755,SFO,SEA,2100,135,679,-2
2024-01-04,1,4,4,F9,756,JFK,LAX,1630,380,2475,-7
2024-08-10,8,10,6,B6,757,ORD,ATL,745,138,606,-3
2024-05-20,5,20,1,F9,758,JFK,LAX,915,355,2475,-9
2024-09-22,9,22,7,AA,759,DFW,DEN,615,147,641,-9
2024-11-12,11,12,2,B6,760,LAX,ORD,1015,263,1745,38
2024-02-26,2,26,1,UA,761,LAX,ORD,1445,260,1745,42
2024-11-14,11,14,4,AS,762,MIA,BOS,545,186,1258,0
2024-01-24,1,24,3,UA,763,ATL,JFK,1015,128,760,6
2024-04-24,4,24,3,AA,764,LAX,ORD,2045,253,1745,-7
2024-11-04,11,4,1,F9,765,DFW,DEN,2030,124,641,76
2024-10-03,10,3,4,AS,766,EWR,MCO,2045,178,937,-7
2024-04-22,4,22,1,WN,767,DFW,DEN,1200,143,641,-6
2024-07-25,7,25,4,DL,768,IAH,LAS,1230,190,1220,-3
2024-12-29,12,29,7,B6,769,LAX,ORD,2130,264,1745,6
2024-08-04,8,4,7,UA,770,LAX,ORD,645,260,1745,110
2024-04-03,4,3,3,AA,771,SFO,SEA,1045,115,679,-3
2024-09-03,9,3,2,AA,772,BOS,MIA,1745,191,1258,10
2024-05-14,5,14,2,F9,773,BOS,MIA,2130,195,1258,51
2024-06-23,6,23,7,UA,774,MIA,BOS,1900,206,1258,7
2024-05-14,5,14,2,AS,775,SEA,SFO,515,108,679,10
2024-02-26,2,26,1,WN,776,DEN,PHX,1630,114,602,-6
2024-02-12,2,12,1,NK,777,SEA,SFO,1715,109,679,-5
2024-04-11,4,11,4,WN,778,JFK,LAX,900,375,2475,9
2024-04-27,4,27,6,AS,779,SEA,SFO,1615,108,679,-5
2024-11-20,11,20,3,UA,780,EWR,MCO,945,182,937,112
2024-01-26,1,26,5,WN,781,MIA,BOS,1745,213,1258,-1
2024-06-13,6,13,4,F9,782,DEN,PHX,730,122,602,-10
2024-11-09,11,9,6,B6,783,SFO,SEA,1815,109,679,112
2024-05-04,5,4,6,F9,784,DFW,DEN,1715,127,641,69
2024-04-25,4,25,4,AS,785,ORD,ATL,815,116,606,67
2024-12-10,12,10,2,F9,786,DFW,DEN,830,136,641,10
2024-11-02,11,2,6,DL,787,EWR,MCO,845,159,937,-1
2024-06-23,6,23,7,DL,788,IAH,LAS,1730,188,1220,-9
2024-10-26,10,26,6,F9,789,ATL,JFK,1415,141,760,5
2024-11-04,11,4,1,DL,790,ORD,ATL,2045,123,606,-3
2024-02-23,2,23,5,AA,791,EWR,MCO,1330,175,937,108
2024-12-07,12,7,6,AS,792,ATL,JFK,500,147,760,-8
2024-10-26,10,26,6,F9,793,SFO,SEA,845,122,679,-2
2024-09-22,9,22,7,NK,794,BOS,MIA,800,203,1258,-9
2024-05-02,5,2,4,DL,795,ORD,ATL,1845,132,606,9
2024-11-27,11,27,3,AA,796,LAX,ORD,2100,270,1745,8
2024-08-09,8,9,5,NK,797,EWR,MCO,1000,175,937,88
2024-05-29,5,29,3,AS,798,ORD,ATL,1330,136,606,4
2024-05-07,5,7,2,AS,799,LAX,ORD,1930,264,1745,0
2024-10-12,10,12,6,UA,800,SFO,SEA,1730,129,679,0
2024-02-15,2,15,4,UA,801,DEN,PHX,1530,103,602,-3
2024-07-26,7,26,5,DL,802,EWR,MCO,1715,163,937,-5
2024-06-21,6,21,5,F9,803,LAX,ORD,1030,240,1745,-5
2024-10-24,10,24,4,DL,804,SFO,SEA,2230,129,679,10
2024-11-12,11,12,2,UA,805,ATL,JFK,1730,129,760,27
2024-06-30,6,30,7,AS,806,SEA,SFO,1400,115,679,-7
2024-01-21,1,21,7,WN,807,DEN,PHX,545,107,602,-2
2024-04-25,4,25,4,WN,808,SFO,SEA,530,112,679,-6
2024-09-04,9,4,3,AA,809,BOS,MIA,1145,190,1258,7
2024-10-21,10,21,1,NK,810,EWR,MCO,1630,168,937,-2
2024-04-30,4,30,2,AS,811,LAX,ORD,1515,265,1745,-6
2024-09-16,9,16,1,UA,812,ORD,ATL,1230,132,606,-7
2024-05-17,5,17,5,WN,813,DEN,PHX,1945,118,602,95
2024-03-28,3,28,4,NK,814,ORD,ATL,630,125,606,10
2024-12-15,12,15,7,UA,815,ORD,ATL,1300,132,606,-2
2024-12-26,12,26,4,F9,816,ATL,JFK,1145,134,760,66
2024-04-29,4,29,1,B6,817,LAX,ORD,930,267,1745,3
2024-01-28,1,28,7,AA,818,BOS,MIA,700,201,1258,-7
2024-03-23,3,23,6,NK,819,IAH,LAS,1015,185,1220,92
2024-03-02,3,2,6,F9,820,IAH,LAS,1745,197,1220,67
2024-06-24,6,24,1,F9,821,DFW,DEN,1830,135,641,-5
2024-05-13,5,13,1,DL,822,DFW,DEN,730,134,641,10
2024-05-11,5,11,6,DL,823,SEA,SFO,630,108,679,7
2024-09-27,9,27,5,UA,824,JFK,LAX,530,377,2475,-1
2024-04-06,4,6,6,DL,825,DFW,DEN,1130,123,641,7
2024-07-10,7,10,3,UA,826,BOS,MIA,2115,211,1258,-5
2024-11-14,11,14,4,F9,827,JFK,LAX,1430,353,2475,-7
2024-04-02,4,2,2,AS,828,EWR,MCO,2015,174,937,28
2024-06-21,6,21,5,UA,829,BOS,MIA,1745,215,1258,7
2024-10-10,10,10,4,DL,830,EWR,MCO,1245,161,937,-6
2024-07-02,7,2,2,NK,831,JFK,LAX,800,371,2475,5
2024-10-15,10,15,2,AS,832,SEA,SFO,2215,114,679,2
2024-08-17,8,17,6,AS,833,DFW,DEN,1845,133,641,10
2024-09-08,9,8,7,NK,834,ORD,ATL,2045,119,606,87
2024-12-16,12,16,1,F9,835,MIA,BOS,1100,194,1258,-9
2024-06-09,6,9,7,UA,836,EWR,MCO,1445,161,937,-9
2024-01-27,1,27,6,AS,837,SEA,SFO,2115,121,679,3
2024-12-23,12,23,1,AS,838,EWR,MCO,1015,177,937,74
2024-04-14,4,14,7,AS,839,ORD,ATL,500,139,606,9
2024-12-18,12,18,3,NK,840,SFO,SEA,1515,117,679,-3
2024-07-24,7,24,3,WN,841,LAX,ORD,1345,261,1745,-3
2024-11-30,11,30,6,B6,842,SFO,SEA,1845,117,679,-10
2024-09-06,9,6,5,B6,843,SFO,SEA,1700,127,679,104
2024-12-05,12,5,4,F9,844,DFW,DEN,815,148,641,30
2024-04-03,4,3,3,F9,845,ORD,ATL,1345,119,606,110
2024-10-18,10,18,5,B6,846,MIA,BOS,1100,202,1258,2
2024-03-06,3,6,3,F9,847,SFO,SEA,800,112,679,77
2024-04-04,4,4,4,AA,848,ATL,JFK,1245,144,760,-8
2024-03-14,3,14,4,AS,849,DEN,PHX,1115,123,602,6
2024-10-18,10,18,5,AS,850,JFK,LAX,1030,364,2475,48
2024-01-29,1,29,1,WN,851,EWR,MCO,2100,162,937,53
2024-04-09,4,9,2,UA,852,EWR,MCO,1900,181,937,-10
2024-09-27,9,27,5,WN,853,BOS,MIA,1500,188,1258,7
2024-09-22,9,22,7,DL,854,ATL,JFK,1530,126,760,-5
2024-12-16,12,16,1,UA,855,ORD,ATL,645,134,606,8
2024-11-17,11,17,7,DL,856,SFO,SEA,2045,114,679,-10
2024-05-01,5,1,3,NK,857,DEN,PHX,1945,129,602,1
2024-10-01,10,1,2,UA,858,DEN,PHX,1045,108,602,-1
2024-01-11,1,11,4,UA,859,LAX,ORD,1945,262,1745,-9
2024-03-05,3,5,2,WN,860,ATL,JFK,1845,139,760,2
2024-07-17,7,17,3,F9,861,DEN,PHX,915,107,602,2
2024-04-07,4,7,7,WN,862,IAH,LAS,1645,202,1220,9
2024-11-25,11,25,1,NK,863,LAX,ORD,845,249,1745,5
2024-04-12,4,12,5,NK,864,JFK,LAX,1745,355,2475,-5
2024-12-21,12,21,6,F9,865,JFK,LAX,1315,370,2475,-5
2024-04-11,4,11,4,NK,866,BOS,MIA,945,195,1258,-3
2024-02-19,2,19,1,AA,867,EWR,MCO,630,182,937,17
2024-07-01,7,1,1,DL,868,LAX,ORD,1400,251,1745,-4
2024-08-16,8,16,5,AS,869,BOS,MIA,1400,210,1258,-1
2024-03-24,3,24,7,UA,870,DFW,DEN,1815,137,641,9
2024-05-23,5,23,4,F9,871,IAH,LAS,945,188,1220,-7
2024-07-14,7,14,7,AA,872,DFW,DEN,1645,138,641,-10
2024-01-11,1,11,4,UA,873,DEN,PHX,1630,102,602,8
2024-03-31,3,31,7,AS,874,ORD,ATL,900,139,606,2
2024-06-13,6,13,4,WN,875,EWR,MCO,1645,155,937,-8
2024-07-05,7,5,5,NK,876,DFW,DEN,2100,135,641,51
2024-01-27,1,27,6,AS,877,DFW,DEN,1945,130,641,-2
2024-12-02,12,2,1,AA,878,MIA,BOS,615,212,1258,86
2024-10-20,10,20,7,AA,879,IAH,LAS,1745,186,1220,5
2024-07-11,7,11,4,B6,880,IAH,LAS,1830,189,1220,3
2024-05-13,5,13,1,AS,881,IAH,LAS,745,214,1220,-2
2024-06-12,6,12,3,DL,882,EWR,MCO,900,162,937,-10
2024-07-10,7,10,3,DL,883,DFW,DEN,700,120,641,-3
2024-06-23,6,23,7,AA,884,IAH,LAS,1930,210,1220,-6
2024-03-03,3,3,7,DL,885,BOS,MIA,1000,207,1258,-8
2024-08-09,8,9,5,DL,886,JFK,LAX,745,360,2475,22
2024-04-11,4,11,4,WN,887,DEN,PHX,2030,123,602,-5
2024-04-04,4,4,4,AA,888,DEN,PHX,1315,128,602,41
2024-03-04,3,4,1,WN,889,IAH,LAS,1515,190,1220,39
2024-10-30,10,30,3,NK,890,EWR,MCO,1415,168,937,10
2024-05-03,5,3,5,B6,891,LAX,ORD,1415,242,1745,-2
2024-09-09,9,9,1,AA,892,ORD,ATL,1800,131,606,9
2024-12-11,12,11,3,F9,893,JFK,LAX,730,373,2475,1
2024-07-02,7,2,2,AS,894,DEN,PHX,1445,110,602,5
2024-10-27,10,27,7,WN,895,SFO,SEA,1945,115,679,3
2024-08-25,8,25,7,NK,896,DEN,PHX,1745,130,602,112
2024-06-11,6,11,2,AA,897,DFW,DEN,1730,120,641,-6
2024-03-29,3,29,5,NK,898,EWR,MCO,800,167,937,-4
2024-05-18,5,18,6,F9,899,DFW,DEN,1030,146,641,66
2024-04-07,4,7,7,B6,900,SFO,SEA,1815,120,679,3
2024-02-24,2,24,6,AA,901,LAX,ORD,1415,247,1745,5
2024-08-01,8,1,4,F9,902,SFO,SEA,1030,125,679,10
2024-11-12,11,12,2,B6,903,EWR,MCO,2130,165,937,32
2024-03-06,3,6,3,AS,904,IAH,LAS,545,196,1220,-8
2024-04-17,4,17,3,NK,905,SFO,SEA,2030,122,679,0
2024-06-18,6,18,2,AS,906,BOS,MIA,1215,211,1258,0
2024-10-15,10,15,2,WN,907,DEN,PHX,845,124,602,81
2024-06-13,6,13,4,UA,908,BOS,MIA,1300,199,1258,9
2024-05-21,5,21,2,NK,909,SFO,SEA,2015,112,679,-9
2024-07-01,7,1,1,AA,910,LAX,ORD,1330,255,1745,-6
2024-10-01,10,1,2,AS,911,BOS,MIA,830,208,1258,-4
2024-04-09,4,9,2,AA,912,IAH,LAS,1745,207,1220,-3
2024-05-13,5,13,1,AA,913,MIA,BOS,1800,196,1258,-10
2024-08-16,8,16,5,F9,914,DFW,DEN,1930,123,641,9
2024-05-21,5,21,2,B6,915,DEN,PHX,1015,110,602,-1
2024-01-27,1,27,6,AA,916,ORD,ATL,930,136,606,1
2024-01-14,1,14,7,NK,917,SEA,SFO,1030,124,679,2
2024-05-24,5,24,5,AA,918,EWR,MCO,2100,178,937,-9
2024-02-02,2,2,5,UA,919,DEN,PHX,2115,130,602,29
2024-07-03,7,3,3,WN,920,ORD,ATL,1500,125,606,68
2024-02-01,2,1,4,NK,921,SEA,SFO,900,131,679,2
2024-03-22,3,22,5,WN,922,DEN,PHX,1215,101,602,-2
2024-11-25,11,25,1,AA,923,JFK,LAX,615,374,2475,21
2024-03-11,3,11,1,WN,924,DFW,DEN,1700,136,641,10
2024-01-13,1,13,6,B6,925,DEN,PHX,700,106,602,7
2024-04-27,4,27,6,AA,926,SFO,SEA,730,121,679,105
2024-04-18,4,18,4,UA,927,ATL,JFK,1430,142,760,96
2024-07-17,7,17,3,AS,928,SEA,SFO,1330,111,679,9
2024-07-20,7,20,6,AS,929,MIA,BOS,1945,191,1258,-10
2024-01-22,1,22,1,UA,930,ORD,ATL,1130,136,606,42
2024-06-04,6,4,2,WN,931,BOS,MIA,1230,191,1258,96
2024-01-07,1,7,7,AA,932,MIA,BOS,1145,215,1258,0
2024-06-16,6,16,7,NK,933,IAH,LAS,2045,202,1220,-5
2024-05-07,5,7,2,B6,934,EWR,MCO,500,182,937,16
2024-01-01,1,1,1,AA,935,MIA,BOS,1000,186,1258,8
2024-11-26,11,26,2,AS,936,SFO,SEA,730,118,679,1
2024-01-18,1,18,4,AA,937,MIA,BOS,1915,188,1258,-2
2024-03-30,3,30,6,AA,938,DEN,PHX,1930,108,602,46
2024-10-15,10,15,2,AA,939,IAH,LAS,1100,197,1220,-6
2024-01-20,1,20,6,NK,940,JFK,LAX,1000,368,2475,3
2024-02-02,2,2,5,AA,941,EWR,MCO,2015,180,937,-1
2024-12-09,12,9,1,B6,942,JFK,LAX,1900,370,2475,-3
2024-08-10,8,10,6,AA,943,BOS,MIA,630,196,1258,-3
2024-07-07,7,7,7,DL,944,BOS,MIA,1630,208,1258,-5
2024-11-23,11,23,6,UA,945,LAX,ORD,1645,251,1745,2
2024-12-10,12,10,2,B6,946,DFW,DEN,1830,150,641,7
2024-11-04,11,4,1,NK,947,ORD,ATL,1945,134,606,61
2024-06-24,6,24,1,UA,948,JFK,LAX,930,367,2475,10
2024-03-12,3,12,2,UA,949,BOS,MIA,745,213,1258,2
2024-10-05,10,5,6,DL,950,SEA,SFO,1315,128,679,16
2024-12-29,12,29,7,WN,951,EWR,MCO,1645,171,937,0
2024-10-22,10,22,2,NK,952,SFO,SEA,1245,109,679,-7
2024-01-01,1,1,1,WN,953,IAH,LAS,2015,214,1220,-7
2024-06-05,6,5,3,DL,954,IAH,LAS,2200,215,1220,-4
2024-01-09,1,9,2,WN,955,JFK,LAX,700,358,2475,39
2024-08-04,8,4,7,F9,956,ORD,ATL,1430,122,606,-10
2024-06-04,6,4,2,AS,957,SFO,SEA,645,106,679,5
2024-06-28,6,28,5,F9,958,LAX,ORD,2200,253,1745,2
2024-09-08,9,8,7,AS,959,EWR,MCO,745,163,937,5
2024-05-05,5,5,7,DL,960,ORD,ATL,1945,133,606,-7
2024-11-05,11,5,2,AS,961,SFO,SEA,2245,111,679,55
2024-01-06,1,6,6,NK,962,ORD,ATL,2145,112,606,-10
2024-05-20,5,20,1,UA,963,DEN,PHX,630,118,602,7
2024-09-21,9,21,6,DL,964,IAH,LAS,1000,194,1220,-1
2024-02-26,2,26,1,AS,965,ATL,JFK,1145,140,760,-8
2024-07-17,7,17,3,WN,966,JFK,LAX,1700,359,2475,-5
2024-06-23,6,23,7,UA,967,SFO,SEA,1245,130,679,5
2024-03-25,3,25,1,DL,968,ORD,ATL,545,125,606,9
2024-08-08,8,8,4,AS,969,IAH,LAS,2200,198,1220,1
2024-05-22,5,22,3,F9,970,JFK,LAX,700,358,2475,-8
2024-07-24,7,24,3,AS,971,DEN,PHX,800,105,602,-6
2024-04-05,4,5,5,DL,972,BOS,MIA,1630,200,1258,7
2024-04-04,4,4,4,DL,973,EWR,MCO,1215,159,937,21
2024-12-25,12,25,3,B6,974,DFW,DEN,500,136,641,6
2024-09-28,9,28,6,B6,975,BOS,MIA,1515,212,1258,-6
2024-04-06,4,6,6,F9,976,SFO,SEA,815,117,679,-4
2024-12-07,12,7,6,DL,977,DFW,DEN,2000,138,641,-8
2024-11-16,11,16,6,UA,978,SFO,SEA,1230,118,679,1
2024-01-22,1,22,1,AA,979,ATL,JFK,1130,137,760,-10
2024-04-25,4,25,4,F9,980,BOS,MIA,2145,205,1258,94
2024-11-02,11,2,6,UA,981,SFO,SEA,1800,118,679,-8
2024-02-13,2,13,2,DL,982,SEA,SFO,630,113,679,10
2024-08-25,8,25,7,NK,983,MIA,BOS,1430,214,1258,0
2024-09-18,9,18,3,B6,984,DEN,PHX,2215,115,602,8
2024-12-20,12,20,5,AS,985,ORD,ATL,730,130,606,6
2024-05-27,5,27,1,B6,986,MIA,BOS,1215,196,1258,0
2024-06-20,6,20,4,B6,987,SFO,SEA,1815,129,679,-2
2024-05-31,5,31,5,UA,988,IAH,LAS,2230,191,1220,7
2024-09-23,9,23,1,F9,989,BOS,MIA,1215,204,1258,-1
2024-11-27,11,27,3,AS,990,DFW,DEN,2030,149,641,2
2024-06-23,6,23,7,F9,991,SEA,SFO,845,131,679,-2
2024-02-04,2,4,7,NK,992,JFK,LAX,1930,366,2475,5
2024-05-16,5,16,4,NK,993,SFO,SEA,845,118,679,5
2024-03-02,3,2,6,NK,994,LAX,ORD,600,267,1745,113
2024-02-25,2,25,7,DL,995,MIA,BOS,1815,186,1258,-7
2024-02-27,2,27,2,AA,996,JFK,LAX,1445,357,2475,-2
2024-11-12,11,12,2,WN,997,SFO,SEA,1615,109,679,7
2024-10-26,10,26,6,AA,998,SEA,SFO,1100,135,679,2
2024-10-19,10,19,6,UA,999,ORD,ATL,2000,113,606,-2
2024-04-23,4,23,2,WN,100,ATL,JFK,1230,128,760,-5
2024-12-09,12,9,1,AA,101,SFO,SEA,1745,111,679,9
2024-02-11,2,11,7,WN,102,ORD,ATL,1745,110,606,-6
2024-12-10,12,10,2,B6,103,SFO,SEA,1530,105,679,6
2024-11-11,11,11,1,F9,104,SEA,SFO,1615,127,679,-4
2024-12-23,12,23,1,DL,105,BOS,MIA,1115,195,1258,67
2024-05-20,5,20,1,AS,106,ATL,JFK,1745,155,760,-3
2024-10-15,10,15,2,AA,107,EWR,MCO,545,173,937,4
2024-07-14,7,14,7,AS,108,LAX,ORD,1800,253,1745,4
2024-04-27,4,27,6,B6,109,LAX,ORD,2015,245,1745,-2
2024-11-26,11,26,2,WN,110,BOS,MIA,645,196,1258,-4
2024-02-16,2,16,5,AA,111,SFO,SEA,2200,113,679,94
2024-05-10,5,10,5,DL,112,SEA,SFO,1315,112,679,3
2024-03-26,3,26,2,NK,113,MIA,BOS,615,194,1258,-8
2024-03-26,3,26,2,F9,114,ATL,JFK,700,149,760,-4
2024-04-01,4,1,1,DL,115,MIA,BOS,1615,189,1258,7
2024-01-05,1,5,5,UA,116,SFO,SEA,2100,121,679,-2
2024-03-10,3,10,7,AA,117,ATL,JFK,1230,143,760,-6
2024-05-05,5,5,7,B6,118,DEN,PHX,1000,102,602,-3
2024-01-01,1,1,1,NK,119,DFW,DEN,1745,148,641,5
2024-09-23,9,23,1,F9,120,EWR,MCO,1345,160,937,2
2024-01-19,1,19,5,F9,121,DFW,DEN,1400,139,641,1
2024-07-11,7,11,4,NK,122,ATL,JFK,1100,131,760,78
2024-03-16,3,16,6,NK,123,EWR,MCO,1445,162,937,-6
2024-04-26,4,26,5,UA,124,JFK,LAX,1945,361,2475,67
2024-03-07,3,7,4,WN,125,DEN,PHX,830,111,602,34
2024-08-26,8,26,1,AA,126,LAX,ORD,730,251,1745,3
2024-09-02,9,2,1,F9,127,JFK,LAX,2115,350,2475,-1
2024-12-30,12,30,1,DL,128,DFW,DEN,1130,120,641,81
2024-06-20,6,20,4,F9,129,ATL,JFK,1530,136,760,9
2024-10-26,10,26,6,AA,130,SEA,SFO,1800,126,679,5
2024-07-12,7,12,5,DL,131,DFW,DEN,1315,124,641,10
2024-11-11,11,11,1,WN,132,ORD,ATL,630,110,606,-9
2024-08-02,8,2,5,UA,133,SFO,SEA,1830,134,679,-6
2024-02-03,2,3,6,WN,134,JFK,LAX,2000,357,2475,109
2024-12-10,12,10,2,F9,135,DFW,DEN,1530,147,641,74
2024-10-22,10,22,2,F9,136,MIA,BOS,1515,206,1258,0
2024-05-05,5,5,7,B6,137,BOS,MIA,1330,215,1258,77
2024-07-26,7,26,5,B6,138,DEN,PHX,815,117,602,-2
2024-05-07,5,7,2,WN,139,SFO,SEA,2230,118,679,28
2024-10-17,10,17,4,NK,140,ATL,JFK,2000,149,760,36
2024-08-11,8,11,7,AS,141,JFK,LAX,2000,360,2475,3
2024-06-06,6,6,4,AS,142,ORD,ATL,1715,122,606,5
2024-05-26,5,26,7,NK,143,SFO,SEA,1030,123,679,0
2024-02-21,2,21,3,NK,144,ORD,ATL,945,125,606,-10
2024-11-27,11,27,3,DL,145,IAH,LAS,1000,189,1220,76
2024-12-13,12,13,5,B6,146,LAX,ORD,700,245,1745,1
2024-02-21,2,21,3,B6,147,LAX,ORD,515,265,1745,-9
2024-09-08,9,8,7,UA,148,ATL,JFK,2100,151,760,9
2024-02-03,2,3,6,B6,149,DFW,DEN,2100,135,641,-5
2024-05-25,5,25,6,WN,150,IAH,LAS,2045,196,1220,-5
2024-11-30,11,30,6,B6,151,MIA,BOS,1430,191,1258,-3
2024-03-17,3,17,7,WN,152,DEN,PHX,815,103,602,23
2024-03-17,3,17,7,F9,153,DFW,DEN,1515,142,641,0
2024-07-28,7,28,7,F9,154,ATL,JFK,1415,153,760,7
2024-01-18,1,18,4,F9,155,EWR,MCO,700,156,937,1
2024-04-05,4,5,5,B6,156,ATL,JFK,1545,129,760,2
2024-12-28,12,28,6,AS,157,IAH,LAS,1000,212,1220,8
2024-07-31,7,31,3,UA,158,MIA,BOS,900,213,1258,0
2024-09-19,9,19,4,UA,159,SFO,SEA,1045,106,679,-4
2024-07-03,7,3,3,AA,160,EWR,MCO,1500,158,937,1
2024-04-13,4,13,6,F9,161,SEA,SFO,1345,133,679,6
2024-01-21,1,21,7,WN,162,ATL,JFK,1445,126,760,7
2024-01-10,1,10,3,B6,163,LAX,ORD,2045,269,1745,-8
2024-10-19,10,19,6,F9,164,BOS,MIA,1245,193,1258,8
2024-01-20,1,20,6,B6,165,EWR,MCO,1345,163,937,8
2024-04-27,4,27,6,AA,166,SEA,SFO,1245,105,679,4
2024-02-08,2,8,4,NK,167,JFK,LAX,1800,366,2475,7
2024-12-05,12,5,4,B6,168,BOS,MIA,2230,209,1258,-4
2024-07-18,7,18,4,DL,169,SFO,SEA,1100,126,679,7
2024-06-17,6,17,1,NK,170,ORD,ATL,815,139,606,-10
2024-12-02,12,2,1,B6,171,DFW,DEN,1815,143,641,-5
2024-02-19,2,19,1,UA,172,LAX,ORD,2200,242,1745,7
2024-01-02,1,2,2,UA,173,ORD,ATL,1315,113,606,114
2024-03-03,3,3,7,F9,174,LAX,ORD,1900,255,1745,7
2024-07-01,7,1,1,B6,175,ORD,ATL,1130,133,606,2
2024-02-14,2,14,3,AA,176,BOS,MIA,1015,200,1258,59
2024-06-23,6,23,7,AS,177,JFK,LAX,845,356,2475,3
2024-11-13,11,13,3,UA,178,SFO,SEA,1245,122,679,-8
2024-06-13,6,13,4,F9,179,ATL,JFK,645,131,760,-9
2024-06-30,6,30,7,AA,180,BOS,MIA,1545,208,1258,1
2024-08-25,8,25,7,AA,181,LAX,ORD,2100,258,1745,9
2024-09-10,9,10,2,UA,182,DEN,PHX,800,125,602,0
2024-06-08,6,8,6,AS,183,SFO,SEA,800,135,679,-9
2024-03-11,3,11,1,B6,184,EWR,MCO,1330,182,937,-6
2024-09-28,9,28,6,NK,185,ORD,ATL,1800,110,606,-1
2024-04-04,4,4,4,B6,186,LAX,ORD,830,243,1745,6
2024-06-19,6,19,3,DL,187,MIA,BOS,1100,192,1258,89
2024-06-08,6,8,6,AA,188,MIA,BOS,730,214,1258,7
2024-07-25,7,25,4,B6,189,ORD,ATL,730,118,606,69
2024-02-05,2,5,1,AA,190,DFW,DEN,845,121,641,-10
2024-07-26,7,26,5,F9,191,LAX,ORD,2215,242,1745,8
2024-04-04,4,4,4,AS,192,DFW,DEN,545,126,641,-7
2024-12-15,12,15,7,UA,193,DFW,DEN,2130,138,641,-10
2024-10-07,10,7,1,WN,194,DEN,PHX,1715,126,602,9
2024-03-10,3,10,7,B6,195,LAX,ORD,1430,247,1745,8
2024-08-03,8,3,6,DL,196,IAH,LAS,845,203,1220,-10
2024-05-09,5,9,4,WN,197,IAH,LAS,815,189,1220,10
2024-05-07,5,7,2,AA,198,SFO,SEA,915,113,679,2
2024-01-02,1,2,2,DL,199,BOS,MIA,1800,195,1258,-10
2024-03-14,3,14,4,WN,200,DEN,PHX,1630,113,602,-7
2024-09-22,9,22,7,NK,201,EWR,MCO,915,167,937,-4
2024-12-06,12,6,5,AS,202,SFO,SEA,2030,118,679,5
2024-01-02,1,2,2,AA,203,MIA,BOS,645,201,1258,116
2024-07-30,7,30,2,B6,204,SFO,SEA,1315,118,679,-1
2024-09-28,9,28,6,AA,205,DEN,PHX,1245,106,602,-1
2024-07-18,7,18,4,B6,206,DEN,PHX,900,124,602,4
2024-09-05,9,5,4,WN,207,EWR,MCO,2115,158,937,7
2024-07-08,7,8,1,B6,208,IAH,LAS,2130,208,1220,-2
2024-02-02,2,2,5,NK,209,JFK,LAX,1430,375,2475,-3
2024-10-11,10,11,5,WN,210,EWR,MCO,1045,171,937,6
2024-01-11,1,11,4,AA,211,DFW,DEN,1830,120,641,7
2024-04-05,4,5,5,F9,212,SFO,SEA,1330,123,679,3
2024-07-24,7,24,3,WN,213,EWR,MCO,1600,167,937,8
2024-04-10,4,10,3,F9,214,BOS,MIA,1645,209,1258,0
2024-06-19,6,19,3,WN,215,SEA,SFO,500,108,679,7
2024-07-29,7,29,1,UA,216,SFO,SEA,2200,108,679,68
2024-03-10,3,10,7,F9,217,IAH,LAS,800,193,1220,63
2024-07-28,7,28,7,AA,218,BOS,MIA,1915,187,1258,8
2024-11-09,11,9,6,AS,219,SFO,SEA,2215,106,679,9
2024-05-21,5,21,2,F9,220,IAH,LAS,2015,210,1220,-10
2024-02-21,2,21,3,NK,221,LAX,ORD,1300,253,1745,8
2024-08-19,8,19,1,AS,222,LAX,ORD,800,261,1745,110
2024-03-29,3,29,5,B6,223,SFO,SEA,1015,131,679,-9
2024-03-08,3,8,5,WN,224,SFO,SEA,1215,106,679,73
2024-04-14,4,14,7,DL,225,IAH,LAS,1815,207,1220,-1
2024-08-30,8,30,5,DL,226,DFW,DEN,2215,141,641,-9
2024-02-13,2,13,2,NK,227,ORD,ATL,1800,123,606,35
2024-03-26,3,26,2,WN,228,IAH,LAS,2130,213,1220,7
2024-10-31,10,31,4,F9,229,DFW,DEN,1815,139,641,4
2024-06-10,6,10,1,F9,230,MIA,BOS,1145,194,1258,-10
2024-08-26,8,26,1,NK,231,SEA,SFO,900,112,679,-7
2024-09-02,9,2,1,DL,232,SEA,SFO,615,122,679,-6
2024-05-03,5,3,5,WN,233,DFW,DEN,2200,127,641,9
2024-09-25,9,25,3,DL,234,LAX,ORD,2215,266,1745,0
2024-08-06,8,6,2,UA,235,JFK,LAX,1200,366,2475,-6
2024-08-14,8,14,3,UA,236,BOS,MIA,730,199,1258,7
2024-05-21,5,21,2,UA,237,EWR,MCO,500,179,937,-9
2024-01-16,1,16,2,AA,238,IAH,LAS,700,207,1220,111
2024-02-20,2,20,2,WN,239,DEN,PHX,1600,125,602,10
2024-03-17,3,17,7,AA,240,IAH,LAS,2130,209,1220,-7
2024-03-22,3,22,5,B6,241,MIA,BOS,2245,194,1258,9
2024-02-09,2,9,5,F9,242,SEA,SFO,2100,115,679,-1
2024-01-21,1,21,7,NK,243,DEN,PHX,600,121,602,-9
2024-07-12,7,12,5,B6,244,SFO,SEA,2130,121,679,1
2024-07-12,7,12,5,UA,245,ATL,JFK,1315,135,760,-6
2024-01-26,1,26,5,AS,246,EWR,MCO,1700,172,937,8
2024-08-28,8,28,3,AA,247,EWR,MCO,2245,174,937,68
2024-11-15,11,15,5,AS,248,JFK,LAX,1015,352,2475,6
2024-01-25,1,25,4,AA,249,MIA,BOS,2100,213,1258,-2
2024-11-16,11,16,6,AA,250,MIA,BOS,1045,200,1258,10
2024-04-09,4,9,2,WN,251,SEA,SFO,745,113,679,6
2024-12-10,12,10,2,WN,252,DFW,DEN,1415,136,641,9
2024-06-01,6,1,6,B6,253,ATL,JFK,930,148,760,3
2024-02-23,2,23,5,NK,254,SFO,SEA,1900,131,679,-8
2024-11-19,11,19,2,NK,255,MIA,BOS,1400,190,1258,1
2024-12-11,12,11,3,NK,256,SFO,SEA,1415,135,679,-5
2024-02-13,2,13,2,AA,257,EWR,MCO,1400,179,937,-2
2024-02-25,2,25,7,WN,258,IAH,LAS,2115,211,1220,6
2024-03-09,3,9,6,B6,259,LAX,ORD,1500,249,1745,-9
2024-05-02,5,2,4,AA,260,MIA,BOS,1130,203,1258,1
2024-03-03,3,3,7,AS,261,IAH,LAS,800,188,1220,34
2024-08-26,8,26,1,F9,262,SEA,SFO,615,112,679,7
2024-12-13,12,13,5,DL,263,EWR,MCO,1515,156,937,67
2024-02-09,2,9,5,NK,264,JFK,LAX,2145,374,2475,9
2024-02-18,2,18,7,AS,265,ATL,JFK,2200,125,760,3
2024-01-14,1,14,7,UA,266,SFO,SEA,1545,108,679,29
2024-09-25,9,25,3,UA,267,BOS,MIA,1545,205,1258,2
2024-05-25,5,25,6,F9,268,MIA,BOS,515,197,1258,3
2024-06-26,6,26,3,AS,269,BOS,MIA,700,212,1258,55
2024-10-03,10,3,4,B6,270,ORD,ATL,2030,136,606,83
2024-03-12,3,12,2,AA,271,BOS,MIA,1015,204,1258,-5
2024-05-02,5,2,4,UA,272,ORD,ATL,700,118,606,3
2024-05-30,5,30,4,AA,273,IAH,LAS,1600,209,1220,-9
2024-09-09,9,9,1,AS,274,SFO,SEA,2100,108,679,-9
2024-01-10,1,10,3,UA,275,ATL,JFK,2115,136,760,-9
2024-11-07,11,7,4,NK,276,ATL,JFK,1715,146,760,-10
2024-06-13,6,13,4,F9,277,ORD,ATL,1130,138,606,38
2024-01-27,1,27,6,AS,278,LAX,ORD,1800,255,1745,-5
2024-10-14,10,14,1,F9,279,ATL,JFK,2130,134,760,42
2024-05-03,5,3,5,AA,280,ORD,ATL,1915,120,606,6
2024-09-01,9,1,7,B6,281,SFO,SEA,945,106,679,6
2024-11-26,11,26,2,WN,282,SFO,SEA,830,119,679,-9
2024-01-25,1,25,4,AA,283,BOS,MIA,730,194,1258,8
2024-08-19,8,19,1,UA,284,JFK,LAX,1745,374,2475,-5
2024-05-31,5,31,5,NK,285,EWR,MCO,1900,183,937,9
2024-10-01,10,1,2,B6,286,DFW,DEN,1215,130,641,10
2024-01-11,1,11,4,DL,287,MIA,BOS,1115,213,1258,8
2024-04-04,4,4,4,WN,288,ORD,ATL,1415,134,606,-3
2024-10-15,10,15,2,NK,289,ATL,JFK,545,129,760,3
2024-03-01,3,1,5,NK,290,EWR,MCO,1915,178,937,-10
2024-10-14,10,14,1,WN,291,MIA,BOS,1230,206,1258,6
2024-05-04,5,4,6,AS,292,EWR,MCO,530,181,937,7
2024-07-27,7,27,6,AA,293,LAX,ORD,1830,240,1745,34
2024-10-29,10,29,2,UA,294,ATL,JFK,1830,127,760,-6
2024-07-12,7,12,5,NK,295,BOS,MIA,545,210,1258,-4
2024-12-10,12,10,2,NK,296,ORD,ATL,2130,128,606,-4
2024-05-08,5,8,3,AS,297,ORD,ATL,2215,117,606,2
2024-05-19,5,19,7,B6,298,SEA,SFO,1045,129,679,19
2024-01-04,1,4,4,WN,299,JFK,LAX,1745,352,2475,9
2024-07-17,7,17,3,AA,300,ORD,ATL,1130,136,606,101
2024-02-03,2,3,6,AA,301,JFK,LAX,1300,359,2475,98
2024-06-13,6,13,4,DL,302,IAH,LAS,2115,212,1220,-5
2024-07-29,7,29,1,F9,303,EWR,MCO,1230,163,937,63
2024-08-13,8,13,2,AA,304,DEN,PHX,645,128,602,-5
2024-07-25,7,25,4,UA,305,IAH,LAS,930,185,1220,-6
2024-09-08,9,8,7,DL,306,IAH,LAS,615,203,1220,2
2024-01-12,1,12,5,DL,307,MIA,BOS,1300,191,1258,7
2024-08-20,8,20,2,WN,308,SFO,SEA,1615,111,679,0
2024-02-25,2,25,7,AS,309,ATL,JFK,515,152,760,4
2024-02-22,2,22,4,UA,310,EWR,MCO,815,179,937,64
2024-09-19,9,19,4,NK,311,SFO,SEA,2030,117,679,4
2024-04-21,4,21,7,DL,312,SFO,SEA,1430,113,679,7
2024-03-27,3,27,3,AA,313,IAH,LAS,1730,201,1220,-6
2024-08-08,8,8,4,AA,314,ORD,ATL,1915,131,606,-3
2024-07-22,7,22,1,B6,315,ORD,ATL,1945,131,606,34
2024-02-08,2,8,4,UA,316,DFW,DEN,2015,123,641,-8
2024-09-22,9,22,7,WN,317,MIA,BOS,2230,208,1258,8
2024-12-17,12,17,2,F9,318,IAH,LAS,1215,213,1220,70
2024-03-31,3,31,7,DL,319,SEA,SFO,530,112,679,3
2024-01-12,1,12,5,F9,320,IAH,LAS,1845,206,1220,7
2024-09-01,9,1,7,DL,321,DEN,PHX,1245,116,602,5
2024-07-05,7,5,5,UA,322,JFK,LAX,715,355,2475,-6
2024-06-27,6,27,4,WN,323,EWR,MCO,1600,179,937,66
2024-08-17,8,17,6,AS,324,SEA,SFO,900,121,679,2
2024-10-19,10,19,6,UA,325,ORD,ATL,630,117,606,4
2024-11-07,11,7,4,NK,326,BOS,MIA,1015,213,1258,-10
2024-01-18,1,18,4,AA,327,LAX,ORD,2245,263,1745,-3
2024-05-29,5,29,3,B6,328,SEA,SFO,1500,125,679,9
2024-06-26,6,26,3,DL,329,MIA,BOS,645,187,1258,4
2024-04-30,4,30,2,AS,330,DFW,DEN,2015,137,641,2
2024-11-11,11,11,1,UA,331,JFK,LAX,745,365,2475,-8
2024-10-04,10,4,5,F9,332,ATL,JFK,2145,147,760,3
2024-06-12,6,12,3,UA,333,DFW,DEN,2230,141,641,-9
2024-11-25,11,25,1,AA,334,ATL,JFK,1600,147,760,-3
2024-12-05,12,5,4,B6,335,JFK,LAX,1730,371,2475,2
2024-01-20,1,20,6,F9,336,BOS,MIA,2215,209,1258,51
2024-05-17,5,17,5,AS,337,LAX,ORD,1945,246,1745,2
2024-11-09,11,9,6,UA,338,LAX,ORD,930,265,1745,10
2024-04-09,4,9,2,NK,339,SFO,SEA,830,117,679,8
2024-02-10,2,10,6,UA,340,MIA,BOS,2230,208,1258,-5
2024-06-24,6,24,1,F9,341,DFW,DEN,1715,147,641,-5
2024-09-28,9,28,6,WN,342,LAX,ORD,1200,257,1745,-7
2024-07-06,7,6,6,NK,343,LAX,ORD,1345,270,1745,6
2024-11-08,11,8,5,AS,344,JFK,LAX,1315,350,2475,-1
2024-11-17,11,17,7,WN,345,MIA,BOS,700,214,1258,6
2024-09-04,9,4,3,F9,346,BOS,MIA,1230,210,1258,0
2024-07-05,7,5,5,AA,347,ORD,ATL,1445,113,606,0
2024-04-13,4,13,6,AS,348,LAX,ORD,1145,255,1745,1
2024-08-06,8,6,2,DL,349,SFO,SEA,1315,127,679,-10
2024-02-14,2,14,3,DL,350,MIA,BOS,1700,207,1258,4
2024-01-31,1,31,3,F9,351,SEA,SFO,530,116,679,5
2024-09-20,9,20,5,UA,352,SFO,SEA,1715,133,679,1
2024-10-12,10,12,6,UA,353,LAX,ORD,1800,270,1745,3
2024-09-16,9,16,1,AS,354,BOS,MIA,1930,194,1258,7
2024-09-09,9,9,1,UA,355,DFW,DEN,2230,143,641,-2
2024-06-11,6,11,2,NK,356,LAX,ORD,1015,249,1745,-1
2024-12-20,12,20,5,DL,357,ORD,ATL,500,111,606,-6
2024-07-09,7,9,2,UA,358,MIA,BOS,715,189,1258,-3
2024-06-11,6,11,2,DL,359,LAX,ORD,2000,256,1745,59
2024-11-20,11,20,3,WN,360,EWR,MCO,1430,164,937,-7
2024-10-27,10,27,7,NK,361,ATL,JFK,2015,138,760,-6
2024-08-13,8,13,2,F9,362,EWR,MCO,900,159,937,68
2024-12-26,12,26,4,AS,363,SEA,SFO,715,130,679,-4
2024-10-05,10,5,6,UA,364,IAH,LAS,1100,189,1220,33
2024-03-14,3,14,4,WN,365,BOS,MIA,1400,186,1258,10
2024-01-05,1,5,5,NK,366,IAH,LAS,1345,190,1220,3
2024-10-10,10,10,4,WN,367,IAH,LAS,2045,201,1220,37
2024-08-21,8,21,3,DL,368,EWR,MCO,2045,165,937,60
2024-07-04,7,4,4,B6,369,IAH,LAS,1715,212,1220,-6
2024-03-13,3,13,3,AA,370,LAX,ORD,1715,263,1745,4
2024-01-28,1,28,7,DL,371,ATL,JFK,845,130,760,72
2024-12-17,12,17,2,DL,372,DEN,PHX,1000,110,602,-4
2024-03-20,3,20,3,UA,373,DFW,DEN,1145,148,641,9
2024-08-06,8,6,2,UA,374,ORD,ATL,730,117,606,8
2024-03-26,3,26,2,UA,375,SFO,SEA,2215,115,679,-3
2024-08-01,8,1,4,B6,376,MIA,BOS,2015,190,1258,4
2024-05-06,5,6,1,NK,377,MIA,BOS,1345,204,1258,-2
2024-08-16,8,16,5,DL,378,DFW,DEN,1900,125,641,8
2024-02-05,2,5,1,UA,379,DEN,PHX,1945,123,602,9
2024-09-08,9,8,7,DL,380,SFO,SEA,2215,109,679,-6
2024-12-11,12,11,3,UA,381,JFK,LAX,1645,373,2475,117
2024-04-06,4,6,6,AA,382,SEA,SFO,2245,124,679,-2
2024-09-14,9,14,6,F9,383,SEA,SFO,1130,126,679,1
2024-05-01,5,1,3,AS,384,DFW,DEN,615,120,641,-9
2024-04-30,4,30,2,B6,385,MIA,BOS,1500,199,1258,8
2024-03-24,3,24,7,DL,386,LAX,ORD,700,264,1745,8
2024-10-22,10,22,2,UA,387,EWR,MCO,1600,157,937,8
2024-09-01,9,1,7,B6,388,SFO,SEA,1100,124,679,6
2024-10-22,10,22,2,WN,389,JFK,LAX,2000,369,2475,-4
2024-07-22,7,22,1,DL,390,DFW,DEN,815,125,641,-6
2024-12-24,12,24,2,DL,391,EWR,MCO,600,174,937,-6
2024-02-27,2,27,2,DL,392,ORD,ATL,600,129,606,39
2024-03-10,3,10,7,AA,393,DEN,PHX,1915,106,602,6
2024-05-30,5,30,4,WN,394,JFK,LAX,1100,371,2475,0
2024-11-29,11,29,5,UA,395,DEN,PHX,815,124,602,6
2024-02-21,2,21,3,B6,396,DFW,DEN,1715,149,641,87
2024-10-22,10,22,2,AS,397,JFK,LAX,1445,354,2475,-6
2024-04-09,4,9,2,AA,398,BOS,MIA,1700,210,1258,1
2024-12-07,12,7,6,AA,399,SFO,SEA,2000,129,679,8
2024-08-20,8,20,2,DL,400,SFO,SEA,1630,122,679,3
2024-06-06,6,6,4,AS,401,ATL,JFK,1300,153,760,19
2024-03-13,3,13,3,UA,402,JFK,LAX,830,369,2475,3
2024-04-28,4,28,7,UA,403,DEN,PHX,645,123,602,-5
2024-08-06,8,6,2,DL,404,ATL,JFK,915,152,760,45
2024-11-28,11,28,4,B6,405,SEA,SFO,1315,131,679,56
2024-12-25,12,25,3,AA,406,SFO,SEA,600,105,679,-3
2024-09-11,9,11,3,AS,407,ATL,JFK,1645,153,760,4
2024-02-03,2,3,6,B6,408,BOS,MIA,1630,198,1258,1
2024-05-08,5,8,3,UA,409,SFO,SEA,1345,118,679,119
2024-01-23,1,23,2,AA,410,ORD,ATL,800,116,606,6
2024-07-30,7,30,2,AA,411,IAH,LAS,1300,200,1220,67
2024-09-21,9,21,6,UA,412,ATL,JFK,1645,128,760,28
2024-01-16,1,16,2,UA,413,BOS,MIA,645,187,1258,59
2024-01-22,1,22,1,WN,414,SEA,SFO,1915,115,679,22
2024-05-27,5,27,1,DL,415,JFK,LAX,2030,356,2475,-2
2024-02-28,2,28,3,NK,416,DFW,DEN,1815,131,641,88
2024-08-06,8,6,2,AS,417,DEN,PHX,515,103,602,5
2024-04-11,4,11,4,AA,418,LAX,ORD,1715,266,1745,-4
2024-08-11,8,11,7,F9,419,MIA,BOS,730,203,1258,-6
2024-05-03,5,3,5,DL,420,SEA,SFO,500,106,679,5
2024-07-31,7,31,3,B6,421,ATL,JFK,500,150,760,0
2024-08-16,8,16,5,DL,422,JFK,LAX,1300,350,2475,-7
2024-04-30,4,30,2,B6,423,BOS,MIA,1300,195,1258,-8
2024-12-28,12,28,6,WN,424,EWR,MCO,1300,180,937,-9
2024-11-02,11,2,6,B6,425,EWR,MCO,2145,175,937,2
2024-02-03,2,3,6,WN,426,EWR,MCO,1845,174,937,-7
2024-07-29,7,29,1,B6,427,ORD,ATL,1145,119,606,-6
2024-09-02,9,2,1,AA,428,DEN,PHX,1545,105,602,-5
2024-12-18,12,18,3,WN,429,IAH,LAS,1400,204,1220,9
2024-02-04,2,4,7,F9,430,JFK,LAX,1815,350,2475,-5
2024-01-27,1,27,6,WN,431,DEN,PHX,1000,102,602,7
2024-03-22,3,22,5,NK,432,JFK,LAX,1300,377,2475,10
2024-07-08,7,8,1,DL,433,SFO,SEA,2145,133,679,8
2024-02-12,2,12,1,UA,434,ORD,ATL,2130,139,606,7
2024-10-06,10,6,7,AA,435,ORD,ATL,2215,115,606,-1
2024-07-01,7,1,1,DL,436,DEN,PHX,1930,114,602,-3
2024-03-29,3,29,5,AA,437,SEA,SFO,645,120,679,85
2024-12-07,12,7,6,AS,438,DEN,PHX,1700,109,602,-4
2024-11-27,11,27,3,NK,439,ORD,ATL,2030,135,606,6
2024-12-09,12,9,1,UA,440,BOS,MIA,1945,203,1258,-6
2024-11-21,11,21,4,F9,441,EWR,MCO,1200,163,937,61
2024-08-04,8,4,7,DL,442,BOS,MIA,2215,190,1258,5
2024-12-11,12,11,3,F9,443,MIA,BOS,1230,208,1258,7
2024-02-24,2,24,6,NK,444,LAX,ORD,1715,249,1745,10
2024-08-03,8,3,6,AA,445,BOS,MIA,1745,202,1258,9
2024-05-15,5,15,3,WN,446,IAH,LAS,1930,189,1220,-2
2024-01-06,1,6,6,DL,447,DEN,PHX,915,129,602,2
2024-05-04,5,4,6,AS,448,BOS,MIA,2215,185,1258,7
2024-09-30,9,30,1,WN,449,MIA,BOS,645,189,1258,-3
2024-09-02,9,2,1,B6,450,ATL,JFK,1900,138,760,6
2024-02-02,2,2,5,AA,451,BOS,MIA,1230,206,1258,30
2024-07-27,7,27,6,UA,452,SFO,SEA,530,110,679,3
2024-05-10,5,10,5,WN,453,JFK,LAX,1500,379,2475,2
2024-05-22,5,22,3,UA,454,LAX,ORD,800,253,1745,-2
2024-01-17,1,17,3,AS,455,EWR,MCO,545,167,937,-2
2024-09-04,9,4,3,DL,456,DEN,PHX,2115,122,602,-8
2024-10-02,10,2,3,B6,457,BOS,MIA,2200,212,1258,-9
2024-10-09,10,9,3,NK,458,DEN,PHX,1345,116,602,4
2024-06-16,6,16,7,DL,459,SFO,SEA,1730,122,679,10
2024-12-05,12,5,4,NK,460,BOS,MIA,1745,194,1258,-3
2024-06-08,6,8,6,NK,461,BOS,MIA,1530,195,1258,0
2024-03-04,3,4,1,AA,462,ORD,ATL,645,121,606,-5
2024-07-14,7,14,7,WN,463,IAH,LAS,745,187,1220,30
2024-02-01,2,1,4,NK,464,EWR,MCO,1715,168,937,7
2024-07-29,7,29,1,AS,465,SFO,SEA,2130,115,679,-7
2024-01-29,1,29,1,AS,466,BOS,MIA,1415,194,1258,19
2024-01-25,1,25,4,B6,467,DFW,DEN,1345,133,641,2
2024-01-26,1,26,5,F9,468,ATL,JFK,530,135,760,-5
2024-09-07,9,7,6,NK,469,LAX,ORD,1930,264,1745,-10
2024-04-08,4,8,1,AS,470,SFO,SEA,1815,112,679,-10
2024-07-26,7,26,5,AS,471,MIA,BOS,1045,195,1258,10
2024-02-25,2,25,7,B6,472,JFK,LAX,1615,379,2475,9
2024-12-21,12,21,6,AA,473,JFK,LAX,815,354,2475,-5
2024-08-19,8,19,1,B6,474,DFW,DEN,1445,124,641,5
2024-02-04,2,4,7,AS,475,BOS,MIA,1300,187,1258,38
2024-05-08,5,8,3,AS,476,SEA,SFO,600,129,679,2
2024-08-30,8,30,5,AA,477,ORD,ATL,2015,116,606,5
2024-10-22,10,22,2,DL,478,DFW,DEN,530,134,641,4
2024-07-28,7,28,7,UA,479,IAH,LAS,1800,189,1220,10
2024-01-28,1,28,7,DL,480,DFW,DEN,1515,133,641,5
2024-10-28,10,28,1,AS,481,IAH,LAS,645,202,1220,7
2024-03-27,3,27,3,AS,482,EWR,MCO,1030,159,937,81
2024-10-12,10,12,6,DL,483,EWR,MCO,1330,180,937,57
2024-01-17,1,17,3,B6,484,JFK,LAX,1630,370,2475,-1
2024-03-15,3,15,5,F9,485,LAX,ORD,815,270,1745,-8
2024-08-17,8,17,6,WN,486,DFW,DEN,745,134,641,5
2024-05-04,5,4,6,NK,487,SFO,SEA,2015,105,679,-5
2024-10-02,10,2,3,WN,488,SEA,SFO,2030,127,679,-8
2024-10-04,10,4,5,AA,489,EWR,MCO,1715,181,937,9
2024-06-17,6,17,1,AA,490,MIA,BOS,1230,208,1258,65
2024-11-15,11,15,5,UA,491,MIA,BOS,1400,186,1258,-3
2024-02-05,2,5,1,DL,492,SEA,SFO,2130,121,679,5
2024-06-25,6,25,2,DL,493,ATL,JFK,1630,133,760,-2
2024-09-29,9,29,7,NK,494,JFK,LAX,745,369,2475,1
2024-12-26,12,26,4,WN,495,DEN,PHX,1515,120,602,98
2024-10-01,10,1,2,DL,496,DFW,DEN,2245,145,641,-2
2024-09-27,9,27,5,NK,497,BOS,MIA,630,195,1258,113
2024-12-25,12,25,3,F9,498,BOS,MIA,1915,193,1258,-2
2024-01-19,1,19,5,NK,499,SFO,SEA,2245,127,679,9
2024-05-17,5,17,5,B6,500,DFW,DEN,1245,125,641,7
2024-10-17,10,17,4,WN,501,SFO,SEA,2245,105,679,30
2024-10-17,10,17,4,NK,502,DFW,DEN,615,125,641,6
2024-01-23,1,23,2,UA,503,ORD,ATL,1000,110,606,45
2024-09-24,9,24,2,DL,504,IAH,LAS,600,201,1220,-7
2024-07-16,7,16,2,F9,505,IAH,LAS,1130,197,1220,-1
2024-02-01,2,1,4,DL,506,MIA,BOS,1430,205,1258,7
2024-02-13,2,13,2,WN,507,EWR,MCO,1345,180,937,5
2024-06-10,6,10,1,UA,508,SFO,SEA,1500,106,679,8
2024-01-09,1,9,2,AA,509,SFO,SEA,530,131,679,-5
2024-10-28,10,28,1,B6,510,LAX,ORD,500,253,1745,0
2024-07-18,7,18,4,NK,511,EWR,MCO,1730,164,937,17
2024-02-16,2,16,5,DL,512,IAH,LAS,1400,210,1220,-3
2024-06-14,6,14,5,F9,513,SEA,SFO,1345,106,679,8
2024-10-14,10,14,1,AA,514,LAX,ORD,1130,257,1745,7
2024-09-30,9,30,1,UA,515,ATL,JFK,1045,144,760,2
2024-09-27,9,27,5,F9,516,JFK,LAX,2100,365,2475,7
2024-02-07,2,7,3,F9,517,BOS,MIA,1815,196,1258,8
2024-10-18,10,18,5,F9,518,ORD,ATL,1215,110,606,9
2024-08-08,8,8,4,DL,519,DFW,DEN,1915,132,641,1
2024-02-10,2,10,6,AA,520,MIA,BOS,1615,215,1258,89
2024-07-03,7,3,3,DL,521,DEN,PHX,1945,114,602,-7
2024-02-16,2,16,5,B6,522,IAH,LAS,1715,210,1220,53
2024-10-04,10,4,5,DL,523,ORD,ATL,930,112,606,7
2024-08-11,8,11,7,NK,524,DFW,DEN,2030,136,641,9
2024-01-28,1,28,7,DL,525,DEN,PHX,1630,129,602,-2
2024-10-10,10,10,4,UA,526,ORD,ATL,630,123,606,78
2024-10-22,10,22,2,UA,527,JFK,LAX,2000,372,2475,1
2024-01-26,1,26,5,AA,528,IAH,LAS,1830,215,1220,0
2024-03-28,3,28,4,AA,529,DEN,PHX,1015,129,602,76
2024-05-23,5,23,4,AS,530,IAH,LAS,2115,190,1220,82
2024-08-19,8,19,1,B6,531,IAH,LAS,745,215,1220,69
2024-09-03,9,3,2,AS,532,JFK,LAX,600,353,2475,7
2024-11-08,11,8,5,AS,533,JFK,LAX,730,355,2475,-7
2024-01-23,1,23,2,NK,534,ORD,ATL,1900,136,606,120
2024-01-23,1,23,2,UA,535,SFO,SEA,1500,105,679,71
2024-12-24,12,24,2,F9,536,MIA,BOS,1430,207,1258,6
2024-11-26,11,26,2,B6,537,SFO,SEA,1815,132,679,4
2024-03-08,3,8,5,NK,538,LAX,ORD,845,266,1745,5
2024-09-20,9,20,5,DL,539,BOS,MIA,1400,191,1258,-4
2024-05-12,5,12,7,DL,540,JFK,LAX,2245,357,2475,115
2024-08-27,8,27,2,UA,541,ORD,ATL,1645,118,606,116
2024-03-18,3,18,1,WN,542,LAX,ORD,2245,241,1745,50
2024-04-09,4,9,2,NK,543,DEN,PHX,1415,117,602,-2
2024-06-11,6,11,2,B6,544,DFW,DEN,1445,149,641,10
2024-01-25,1,25,4,UA,545,SEA,SFO,1930,127,679,120
2024-07-03,7,3,3,AA,546,ATL,JFK,1645,130,760,-8
2024-04-03,4,3,3,WN,547,BOS,MIA,2230,213,1258,20
2024-01-22,1,22,1,AS,548,ORD,ATL,815,113,606,-10
2024-08-24,8,24,6,DL,549,ORD,ATL,515,120,606,-7
2024-08-15,8,15,4,B6,550,IAH,LAS,1015,205,1220,105
2024-11-13,11,13,3,AA,551,ATL,JFK,715,125,760,-2
2024-03-10,3,10,7,DL,552,EWR,MCO,1600,155,937,8
2024-12-24,12,24,2,UA,553,ATL,JFK,1515,152,760,30
2024-12-01,12,1,7,UA,554,LAX,ORD,1500,254,1745,4
2024-09-09,9,9,1,B6,555,JFK,LAX,945,369,2475,-4
2024-12-28,12,28,6,AA,556,LAX,ORD,515,261,1745,10
2024-01-05,1,5,5,DL,557,JFK,LAX,1130,374,2475,9
2024-12-19,12,19,4,AA,558,SFO,SEA,1615,135,679,51
2024-08-07,8,7,3,AA,559,SFO,SEA,700,122,679,-1
2024-11-10,11,10,7,B6,560,EWR,MCO,1515,185,937,10
2024-05-04,5,4,6,AS,561,LAX,ORD,900,251,1745,0
2024-01-18,1,18,4,NK,562,ORD,ATL,500,122,606,8
2024-01-31,1,31,3,NK,563,SEA,SFO,2030,106,679,4
2024-09-13,9,13,5,WN,564,DEN,PHX,1130,109,602,-4
2024-01-11,1,11,4,AS,565,SFO,SEA,1030,115,679,2
2024-03-23,3,23,6,AA,566,SFO,SEA,2015,117,679,-8
2024-03-07,3,7,4,AS,567,MIA,BOS,1930,190,1258,29
2024-04-05,4,5,5,AA,568,EWR,MCO,1215,164,937,-6
2024-02-05,2,5,1,AS,569,ORD,ATL,645,136,606,8
2024-05-05,5,5,7,AA,570,LAX,ORD,2245,256,1745,7
2024-01-08,1,8,1,B6,571,SFO,SEA,1745,119,679,-8
2024-11-11,11,11,1,WN,572,DFW,DEN,1930,144,641,0
2024-10-16,10,16,3,F9,573,LAX,ORD,1830,245,1745,91
2024-04-28,4,28,7,NK,574,JFK,LAX,1000,378,2475,101
2024-07-08,7,8,1,UA,575,DEN,PHX,1945,128,602,-2
2024-11-01,11,1,5,AA,576,IAH,LAS,730,211,1220,-7
2024-10-08,10,8,2,UA,577,SFO,SEA,815,107,679,-5
2024-03-04,3,4,1,AS,578,SEA,SFO,1600,118,679,-10
2024-09-14,9,14,6,DL,579,ORD,ATL,2200,133,606,0
2024-08-25,8,25,7,AS,580,BOS,MIA,1700,207,1258,-7
2024-05-01,5,1,3,AA,581,LAX,ORD,1100,257,1745,9
2024-03-20,3,20,3,NK,582,BOS,MIA,2130,195,1258,-5
2024-12-02,12,2,1,B6,583,JFK,LAX,2015,350,2475,-5
2024-10-09,10,9,3,AA,584,DFW,DEN,1215,141,641,-6
2024-05-09,5,9,4,UA,585,JFK,LAX,1115,379,2475,-2
2024-08-03,8,3,6,DL,586,ORD,ATL,1100,131,606,8
2024-11-17,11,17,7,UA,587,IAH,LAS,1100,193,1220,97
2024-03-08,3,8,5,UA,588,SFO,SEA,900,112,679,1
2024-04-09,4,9,2,AS,589,IAH,LAS,2100,198,1220,-6
2024-07-27,7,27,6,AS,590,JFK,LAX,1615,379,2475,-9
2024-08-23,8,23,5,F9,591,DEN,PHX,2215,104,602,-7
2024-01-12,1,12,5,DL,592,EWR,MCO,1800,170,937,-8
2024-11-07,11,7,4,B6,593,ATL,JFK,2115,128,760,8
2024-05-06,5,6,1,AA,594,MIA,BOS,745,197,1258,-2
2024-10-17,10,17,4,UA,595,DFW,DEN,1845,120,641,-7
2024-07-26,7,26,5,AA,596,LAX,ORD,1745,270,1745,3
2024-04-29,4,29,1,AA,597,ATL,JFK,2145,136,760,-8
2024-06-04,6,4,2,AS,598,JFK,LAX,1400,364,2475,-2
2024-04-10,4,10,3,NK,599,ATL,JFK,1245,136,760,-4
2024-11-27,11,27,3,AA,600,MIA,BOS,915,197,1258,40
2024-03-01,3,1,5,UA,601,ATL,JFK,1145,146,760,-2
2024-06-24,6,24,1,UA,602,IAH,LAS,1315,188,1220,0
2024-09-09,9,9,1,AA,603,SEA,SFO,845,109,679,9
2024-06-08,6,8,6,WN,604,IAH,LAS,1730,192,1220,9
2024-06-22,6,22,6,WN,605,SEA,SFO,1915,133,679,-1
2024-01-30,1,30,2,AS,606,EWR,MCO,1315,185,937,47
2024-05-03,5,3,5,AA,607,IAH,LAS,2145,197,1220,1
2024-05-16,5,16,4,AA,608,LAX,ORD,1345,250,1745,2
2024-10-27,10,27,7,F9,609,ATL,JFK,1515,136,760,-2
2024-07-08,7,8,1,WN,610,ATL,JFK,1745,154,760,-2
2024-08-08,8,8,4,NK,611,ORD,ATL,1030,119,606,26
2024-10-01,10,1,2,AS,612,JFK,LAX,1400,376,2475,58
2024-07-23,7,23,2,AS,613,DFW,DEN,1745,129,641,1
2024-02-27,2,27,2,F9,614,DFW,DEN,1315,127,641,4
2024-10-28,10,28,1,AS,615,IAH,LAS,830,186,1220,65
2024-10-05,10,5,6,B6,616,EWR,MCO,1800,164,937,36
2024-04-19,4,19,5,AS,617,MIA,BOS,1815,206,1258,88
2024-02-23,2,23,5,F9,618,SFO,SEA,500,120,679,-10
2024-03-13,3,13,3,AS,619,DFW,DEN,2245,122,641,109
2024-03-21,3,21,4,B6,620,LAX,ORD,1045,268,1745,-2
2024-05-16,5,16,4,F9,621,MIA,BOS,600,200,1258,5
2024-03-24,3,24,7,WN,622,EWR,MCO,2145,180,937,-10
2024-03-16,3,16,6,AS,623,IAH,LAS,945,197,1220,4
2024-04-06,4,6,6,AS,624,ATL,JFK,600,154,760,51
2024-08-12,8,12,1,AS,625,DFW,DEN,1500,121,641,63
2024-09-04,9,4,3,AA,626,DFW,DEN,730,125,641,32
2024-12-05,12,5,4,AS,627,DEN,PHX,530,107,602,70
2024-07-22,7,22,1,DL,628,SFO,SEA,2015,134,679,-8
2024-03-03,3,3,7,AA,629,SFO,SEA,945,110,679,1
2024-11-26,11,26,2,AA,630,BOS,MIA,1230,189,1258,5
2024-06-29,6,29,6,AS,631,BOS,MIA,1215,190,1258,-4
2024-12-20,12,20,5,UA,632,EWR,MCO,1115,155,937,9
2024-08-30,8,30,5,B6,633,LAX,ORD,1615,244,1745,-3
2024-08-06,8,6,2,WN,634,ATL,JFK,2045,127,760,-9
2024-08-23,8,23,5,AA,635,SEA,SFO,2000,129,679,9
2024-07-14,7,14,7,UA,636,SFO,SEA,945,108,679,31
2024-10-10,10,10,4,AS,637,EWR,MCO,1000,185,937,7
2024-11-18,11,18,1,F9,638,EWR,MCO,2230,179,937,-2
2024-04-12,4,12,5,NK,639,DEN,PHX,915,130,602,-6
2024-03-19,3,19,2,WN,640,IAH,LAS,2100,205,1220,107
2024-05-29,5,29,3,DL,641,BOS,MIA,915,190,1258,87
2024-01-30,1,30,2,AS,642,ATL,JFK,1515,136,760,9
2024-05-04,5,4,6,AA,643,ATL,JFK,1200,152,760,5
2024-01-29,1,29,1,DL,644,SEA,SFO,1300,131,679,5
2024-09-05,9,5,4,WN,645,JFK,LAX,1400,370,2475,87
2024-01-07,1,7,7,AS,646,DFW,DEN,1715,132,641,115
2024-05-26,5,26,7,AA,647,SEA,SFO,1645,107,679,5
2024-05-21,5,21,2,AS,648,IAH,LAS,1300,210,1220,56
2024-12-03,12,3,2,UA,649,EWR,MCO,1300,157,937,108
2024-08-07,8,7,3,AS,650,LAX,ORD,1715,258,1745,-8
2024-10-07,10,7,1,AS,651,DEN,PHX,2000,125,602,-9
2024-05-09,5,9,4,UA,652,JFK,LAX,745,353,2475,-10
2024-12-04,12,4,3,UA,653,IAH,LAS,1245,213,1220,-4
2024-09-29,9,29,7,NK,654,DEN,PHX,2145,106,602,-9
2024-08-06,8,6,2,DL,655,DFW,DEN,1015,134,641,-8
2024-01-15,1,15,1,NK,656,EWR,MCO,2145,175,937,8
2024-05-01,5,1,3,NK,657,LAX,ORD,1415,243,1745,10
2024-07-14,7,14,7,DL,658,EWR,MCO,1515,162,937,81
2024-01-24,1,24,3,DL,659,DFW,DEN,530,135,641,1
2024-05-24,5,24,5,NK,660,MIA,BOS,2000,207,1258,-1
2024-03-12,3,12,2,AA,661,JFK,LAX,1430,367,2475,2
2024-07-24,7,24,3,NK,662,DEN,PHX,1400,113,602,4
2024-06-26,6,26,3,WN,663,ATL,JFK,1500,125,760,-2
2024-06-29,6,29,6,NK,664,SFO,SEA,645,113,679,-4
2024-04-05,4,5,5,NK,665,BOS,MIA,1615,203,1258,-7
2024-06-13,6,13,4,NK,666,SFO,SEA,1900,110,679,8
2024-02-26,2,26,1,AS,667,LAX,ORD,1145,249,1745,3
2024-06-09,6,9,7,WN,668,ORD,ATL,2230,129,606,9
2024-05-24,5,24,5,NK,669,LAX,ORD,1530,267,1745,-1
2024-04-23,4,23,2,B6,670,IAH,LAS,1400,197,1220,-8
2024-05-04,5,4,6,WN,671,BOS,MIA,1345,194,1258,-2
2024-05-18,5,18,6,WN,672,BOS,MIA,2215,189,1258,6
2024-10-30,10,30,3,WN,673,JFK,LAX,2015,368,2475,9
2024-05-07,5,7,2,B6,674,ORD,ATL,1915,111,606,8
2024-09-02,9,2,1,UA,675,ORD,ATL,2130,116,606,-1
2024-12-29,12,29,7,B6,676,EWR,MCO,915,156,937,5
2024-01-22,1,22,1,WN,677,JFK,LAX,1700,354,2475,-1
2024-01-28,1,28,7,WN,678,BOS,MIA,1600,189,1258,110
2024-08-24,8,24,6,DL,679,SFO,SEA,2145,111,679,1
2024-06-21,6,21,5,AS,680,BOS,MIA,2245,210,1258,-10
2024-11-08,11,8,5,DL,681,BOS,MIA,1630,191,1258,106
2024-06-16,6,16,7,B6,682,IAH,LAS,1230,186,1220,25
2024-04-03,4,3,3,WN,683,MIA,BOS,615,191,1258,-6
2024-05-29,5,29,3,B6,684,DEN,PHX,800,109,602,10
2024-08-18,8,18,7,WN,685,EWR,MCO,2200,156,937,2
2024-12-28,12,28,6,AS,686,IAH,LAS,1700,189,1220,-2
2024-12-05,12,5,4,DL,687,EWR,MCO,745,163,937,-1
2024-06-03,6,3,1,WN,688,JFK,LAX,1230,380,2475,-6
2024-03-23,3,23,6,AA,689,DFW,DEN,1845,130,641,-2
2024-06-21,6,21,5,UA,690,DEN,PHX,1115,104,602,-5
2024-04-29,4,29,1,UA,691,BOS,MIA,1700,191,1258,58
2024-04-27,4,27,6,WN,692,JFK,LAX,1945,352,2475,3
2024-08-07,8,7,3,DL,693,EWR,MCO,1945,159,937,-10
2024-11-08,11,8,5,F9,694,BOS,MIA,615,193,1258,-3
2024-01-29,1,29,1,AS,695,SFO,SEA,2230,131,679,-3
2024-04-30,4,30,2,F9,696,DFW,DEN,615,137,641,-6
2024-02-04,2,4,7,B6,697,DEN,PHX,745,122,602,-10
2024-12-04,12,4,3,UA,698,DFW,DEN,645,146,641,1
2024-12-04,12,4,3,NK,699,MIA,BOS,2045,195,1258,-7
2024-02-24,2,24,6,B6,700,ATL,JFK,1300,137,760,-5
2024-10-04,10,4,5,AS,701,EWR,MCO,945,175,937,4
2024-09-15,9,15,7,UA,702,LAX,ORD,1500,265,1745,35
2024-07-20,7,20,6,AS,703,ATL,JFK,2115,155,760,-2
2024-05-07,5,7,2,WN,704,DEN,PHX,1000,104,602,-8
2024-01-25,1,25,4,DL,705,ORD,ATL,615,132,606,6
2024-10-10,10,10,4,AS,706,IAH,LAS,600,199,1220,9
2024-05-29,5,29,3,AA,707,DEN,PHX,930,103,602,-3
2024-06-30,6,30,7,B6,708,IAH,LAS,2000,190,1220,-7
2024-09-09,9,9,1,UA,709,DFW,DEN,1245,125,641,-3
2024-07-03,7,3,3,UA,710,JFK,LAX,1715,362,2475,30
2024-05-13,5,13,1,AS,711,EWR,MCO,1100,177,937,-4
2024-05-28,5,28,2,WN,712,SFO,SEA,1445,121,679,-10
2024-05-18,5,18,6,AS,713,JFK,LAX,1645,374,2475,-10
2024-11-09,11,9,6,AS,714,ORD,ATL,1945,118,606,116
2024-08-06,8,6,2,UA,715,ATL,JFK,1545,132,760,9
2024-08-19,8,19,1,B6,716,DFW,DEN,1030,138,641,-5
2024-08-02,8,2,5,UA,717,JFK,LAX,715,375,2475,7
2024-11-30,11,30,6,UA,718,JFK,LAX,930,353,2475,-5
2024-07-29,7,29,1,DL,719,LAX,ORD,1545,247,1745,56
2024-08-25,8,25,7,NK,720,SFO,SEA,1815,131,679,10
2024-04-02,4,2,2,B6,721,EWR,MCO,1300,175,937,0
2024-04-09,4,9,2,AS,722,ORD,ATL,2200,111,606,99
2024-09-30,9,30,1,B6,723,BOS,MIA,700,190,1258,-5
2024-03-29,3,29,5,UA,724,ORD,ATL,2100,132,606,-1
2024-03-19,3,19,2,AS,725,SEA,SFO,2045,114,679,7
2024-10-25,10,25,5,AA,726,ORD,ATL,2200,122,606,7
2024-03-09,3,9,6,B6,727,MIA,BOS,1715,203,1258,-9
2024-11-22,11,22,5,F9,728,DEN,PHX,2130,124,602,0
2024-07-24,7,24,3,NK,729,EWR,MCO,845,178,937,-1
2024-05-31,5,31,5,UA,730,SFO,SEA,1815,110,679,34
2024-04-03,4,3,3,DL,731,SFO,SEA,1415,124,679,-9
2024-04-21,4,21,7,B6,732,SEA,SFO,2000,107,679,109
2024-08-16,8,16,5,F9,733,BOS,MIA,1300,205,1258,8
2024-12-23,12,23,1,UA,734,SEA,SFO,615,133,679,-10
2024-07-28,7,28,7,NK,735,ATL,JFK,500,125,760,-5
2024-03-23,3,23,6,AS,736,SFO,SEA,1100,105,679,2
2024-01-24,1,24,3,AS,737,EWR,MCO,2115,172,937,47
2024-10-10,10,10,4,AA,738,LAX,ORD,1000,241,1745,9
2024-09-30,9,30,1,F9,739,ATL,JFK,1815,152,760,74
2024-10-11,10,11,5,WN,740,DFW,DEN,1715,126,641,80
2024-02-12,2,12,1,F9,741,ATL,JFK,2245,130,760,10
2024-02-23,2,23,5,NK,742,DEN,PHX,500,106,602,-7
2024-09-15,9,15,7,UA,743,EWR,MCO,900,176,937,44
2024-04-05,4,5,5,WN,744,LAX,ORD,2145,250,1745,-8
2024-09-03,9,3,2,AA,745,ATL,JFK,1830,151,760,21
2024-11-21,11,21,4,UA,746,JFK,LAX,1315,374,2475,-7
2024-03-06,3,6,3,DL,747,BOS,MIA,845,214,1258,3
2024-10-30,10,30,3,DL,748,LAX,ORD,1230,251,1745,10
2024-12-11,12,11,3,F9,749,DFW,DEN,1745,131,641,-6
2024-07-15,7,15,1,NK,750,SEA,SFO,815,115,679,1
2024-06-06,6,6,4,F9,751,SFO,SEA,1530,112,679,-5
2024-08-10,8,10,6,B6,752,EWR,MCO,1415,173,937,72
2024-05-17,5,17,5,AA,753,DEN,PHX,1845,118,602,95
2024-08-12,8,12,1,B6,754,ORD,ATL,2200,127,606,-10
2024-12-17,12,17,2,F9,755,MIA,BOS,1445,193,1258,1
2024-04-09,4,9,2,DL,756,SEA,SFO,845,119,679,-1
2024-08-22,8,22,4,WN,757,MIA,BOS,1700,197,1258,-4
2024-09-30,9,30,1,B6,758,BOS,MIA,1045,213,1258,-10
2024-03-28,3,28,4,AA,759,LAX,ORD,1045,244,1745,-9
2024-07-22,7,22,1,F9,760,JFK,LAX,515,358,2475,-9
2024-09-23,9,23,1,B6,761,LAX,ORD,2215,267,1745,7
2024-09-04,9,4,3,AA,762,LAX,ORD,1245,248,1745,7
2024-06-26,6,26,3,DL,763,SEA,SFO,945,130,679,-10
2024-01-25,1,25,4,AS,764,JFK,LAX,1745,353,2475,60
2024-04-14,4,14,7,AS,765,EWR,MCO,1730,158,937,1
2024-04-08,4,8,1,B6,766,BOS,MIA,1845,203,1258,-1
2024-09-02,9,2,1,AA,767,SEA,SFO,845,110,679,10
2024-01-18,1,18,4,NK,768,EWR,MCO,1830,183,937,-4
2024-04-28,4,28,7,DL,769,JFK,LAX,900,362,2475,-2
2024-12-06,12,6,5,F9,770,MIA,BOS,1615,194,1258,2
2024-03-13,3,13,3,AA,771,ATL,JFK,1645,152,760,57
2024-06-10,6,10,1,F9,772,DFW,DEN,1000,139,641,-5
2024-04-30,4,30,2,AA,773,LAX,ORD,1900,248,1745,-1
2024-09-02,9,2,1,F9,774,MIA,BOS,1530,204,1258,-1
2024-08-11,8,11,7,WN,775,BOS,MIA,1215,195,1258,120
2024-02-11,2,11,7,AA,776,DEN,PHX,1100,105,602,1
2024-05-07,5,7,2,AA,777,JFK,LAX,745,357,2475,-8
2024-08-25,8,25,7,UA,778,EWR,MCO,2215,174,937,-2
2024-06-13,6,13,4,AS,779,SEA,SFO,1015,123,679,0
2024-12-14,12,14,6,B6,780,DFW,DEN,845,123,641,56
2024-07-07,7,7,7,AS,781,DEN,PHX,1500,116,602,-9
2024-06-06,6,6,4,AA,782,LAX,ORD,1430,255,1745,4
2024-11-22,11,22,5,WN,783,LAX,ORD,1930,243,1745,-1
2024-07-01,7,1,1,F9,784,ORD,ATL,1915,118,606,8
2024-04-14,4,14,7,B6,785,BOS,MIA,2200,192,1258,6
2024-09-28,9,28,6,WN,786,ORD,ATL,715,117,606,116
2024-01-20,1,20,6,UA,787,ATL,JFK,2200,136,760,-5
2024-10-05,10,5,6,UA,788,DEN,PHX,1815,110,602,87
2024-04-02,4,2,2,DL,789,LAX,ORD,1515,269,1745,3
2024-04-25,4,25,4,AS,790,IAH,LAS,600,201,1220,6
2024-08-05,8,5,1,DL,791,LAX,ORD,1745,242,1745,51
2024-07-12,7,12,5,F9,792,DEN,PHX,730,107,602,2
2024-03-10,3,10,7,WN,793,ATL,JFK,1830,153,760,2
2024-11-08,11,8,5,AS,794,JFK,LAX,600,351,2475,-10
2024-04-26,4,26,5,AS,795,DEN,PHX,1515,103,602,-3
2024-10-31,10,31,4,DL,796,SEA,SFO,1030,117,679,-1
2024-09-20,9,20,5,B6,797,IAH,LAS,1930,199,1220,9
2024-07-08,7,8,1,UA,798,SEA,SFO,1615,135,679,0
2024-01-27,1,27,6,DL,799,BOS,MIA,1900,211,1258,111
